"","Timestamp","Value","rain_station"
"1","23/03/2024 09:00:00",0,"Comiston"
"2","24/03/2024 09:00:00",0,"Comiston"
"3","25/03/2024 09:00:00",19.8,"Comiston"
"4","26/03/2024 09:00:00",10,"Comiston"
"5","27/03/2024 09:00:00",13.8,"Comiston"
"6","28/03/2024 09:00:00",13.6,"Comiston"
"7","29/03/2024 09:00:00",1.2,"Comiston"
"8","30/03/2024 09:00:00",0.4,"Comiston"
"9","31/03/2024 09:00:00",0,"Comiston"
"10","01/04/2024 09:00:00",16.6,"Comiston"
"11","02/04/2024 09:00:00",5.2,"Comiston"
"12","03/04/2024 09:00:00",22.6,"Comiston"
"13","04/04/2024 09:00:00",21.4,"Comiston"
"14","05/04/2024 09:00:00",8.4,"Comiston"
"15","06/04/2024 09:00:00",2.2,"Comiston"
"16","07/04/2024 09:00:00",0,"Comiston"
"17","08/04/2024 09:00:00",15.6,"Comiston"
"18","09/04/2024 09:00:00",2.4,"Comiston"
"19","10/04/2024 09:00:00",2.6,"Comiston"
"20","11/04/2024 09:00:00",2.2,"Comiston"
"21","12/04/2024 09:00:00",3.4,"Comiston"
"22","13/04/2024 09:00:00",4,"Comiston"
"23","14/04/2024 09:00:00",4.6,"Comiston"
"24","15/04/2024 09:00:00",0,"Comiston"
"25","16/04/2024 09:00:00",1,"Comiston"
"26","17/04/2024 09:00:00",0,"Comiston"
"27","18/04/2024 09:00:00",1.6,"Comiston"
"28","19/04/2024 09:00:00",0,"Comiston"
"29","20/04/2024 09:00:00",0,"Comiston"
"30","21/04/2024 09:00:00",0.6,"Comiston"
"31","22/04/2024 09:00:00",0,"Comiston"
"32","23/04/2024 09:00:00",0,"Comiston"
"33","24/04/2024 09:00:00",0,"Comiston"
"34","25/04/2024 09:00:00",0,"Comiston"
"35","26/04/2024 09:00:00",0,"Comiston"
"36","27/04/2024 09:00:00",1.4,"Comiston"
"37","28/04/2024 09:00:00",0.2,"Comiston"
"38","29/04/2024 09:00:00",0.4,"Comiston"
"39","30/04/2024 09:00:00",0,"Comiston"
"40","01/05/2024 09:00:00",0,"Comiston"
"41","02/05/2024 09:00:00",0,"Comiston"
"42","03/05/2024 09:00:00",3,"Comiston"
"43","04/05/2024 09:00:00",1.2,"Comiston"
"44","05/05/2024 09:00:00",10.2,"Comiston"
"45","06/05/2024 09:00:00",8.8,"Comiston"
"46","07/05/2024 09:00:00",0,"Comiston"
"47","08/05/2024 09:00:00",0.2,"Comiston"
"48","09/05/2024 09:00:00",0,"Comiston"
"49","10/05/2024 09:00:00",0,"Comiston"
"50","11/05/2024 09:00:00",0,"Comiston"
"51","12/05/2024 09:00:00",5,"Comiston"
"52","13/05/2024 09:00:00",0.2,"Comiston"
"53","14/05/2024 09:00:00",1,"Comiston"
"54","15/05/2024 09:00:00",0.2,"Comiston"
"55","16/05/2024 09:00:00",0,"Comiston"
"56","17/05/2024 09:00:00",0,"Comiston"
"57","18/05/2024 09:00:00",0,"Comiston"
"58","19/05/2024 09:00:00",0,"Comiston"
"59","20/05/2024 09:00:00",0,"Comiston"
"60","21/05/2024 09:00:00",1.6,"Comiston"
"61","22/05/2024 09:00:00",56.6,"Comiston"
"62","23/05/2024 09:00:00",70.6,"Comiston"
"63","24/05/2024 09:00:00",4.2,"Comiston"
"64","25/05/2024 09:00:00",12.2,"Comiston"
"65","26/05/2024 09:00:00",7.2,"Comiston"
"66","27/05/2024 09:00:00",9.2,"Comiston"
"67","28/05/2024 09:00:00",9.6,"Comiston"
"68","29/05/2024 09:00:00",23.2,"Comiston"
"69","30/05/2024 09:00:00",0,"Comiston"
"70","31/05/2024 09:00:00",0,"Comiston"
"71","01/06/2024 09:00:00",0,"Comiston"
"72","02/06/2024 09:00:00",0.2,"Comiston"
"73","03/06/2024 09:00:00",0.8,"Comiston"
"74","04/06/2024 09:00:00",0.2,"Comiston"
"75","05/06/2024 09:00:00",1,"Comiston"
"76","06/06/2024 09:00:00",0.4,"Comiston"
"77","07/06/2024 09:00:00",0.2,"Comiston"
"78","08/06/2024 09:00:00",0,"Comiston"
"79","09/06/2024 09:00:00",0.2,"Comiston"
"80","10/06/2024 09:00:00",0.2,"Comiston"
"81","11/06/2024 09:00:00",0,"Comiston"
"82","12/06/2024 09:00:00",0,"Comiston"
"83","13/06/2024 09:00:00",5.6,"Comiston"
"84","14/06/2024 09:00:00",6.2,"Comiston"
"85","15/06/2024 09:00:00",0.2,"Comiston"
"86","16/06/2024 09:00:00",2.6,"Comiston"
"87","17/06/2024 09:00:00",0.8,"Comiston"
"88","18/06/2024 09:00:00",1.4,"Comiston"
"89","19/06/2024 09:00:00",0.2,"Comiston"
"90","20/06/2024 09:00:00",0,"Comiston"
"91","21/06/2024 09:00:00",0.6,"Comiston"
"92","22/06/2024 09:00:00",0,"Comiston"
"93","23/06/2024 09:00:00",0,"Comiston"
"94","24/06/2024 09:00:00",0,"Comiston"
"95","25/06/2024 09:00:00",4.4,"Comiston"
"96","26/06/2024 09:00:00",0,"Comiston"
"97","27/06/2024 09:00:00",0,"Comiston"
"98","28/06/2024 09:00:00",2.6,"Comiston"
"99","29/06/2024 09:00:00",0,"Comiston"
"100","30/06/2024 09:00:00",0.2,"Comiston"
"101","01/07/2024 09:00:00",0.6,"Comiston"
"102","02/07/2024 09:00:00",1.6,"Comiston"
"103","03/07/2024 09:00:00",0.8,"Comiston"
"104","04/07/2024 09:00:00",1.8,"Comiston"
"105","05/07/2024 09:00:00",0,"Comiston"
"106","06/07/2024 09:00:00",2.8,"Comiston"
"107","07/07/2024 09:00:00",0.6,"Comiston"
"108","08/07/2024 09:00:00",0,"Comiston"
"109","09/07/2024 09:00:00",16.6,"Comiston"
"110","10/07/2024 09:00:00",1.6,"Comiston"
"111","11/07/2024 09:00:00",0,"Comiston"
"112","12/07/2024 09:00:00",0.6,"Comiston"
"113","13/07/2024 09:00:00",5,"Comiston"
"114","14/07/2024 09:00:00",0,"Comiston"
"115","15/07/2024 09:00:00",11.8,"Comiston"
"116","16/07/2024 09:00:00",0.2,"Comiston"
"117","17/07/2024 09:00:00",0.8,"Comiston"
"118","18/07/2024 09:00:00",0,"Comiston"
"119","19/07/2024 09:00:00",0,"Comiston"
"120","20/07/2024 09:00:00",7.4,"Comiston"
"121","21/07/2024 09:00:00",0.8,"Comiston"
"122","22/07/2024 09:00:00",1.4,"Comiston"
"123","23/07/2024 09:00:00",0,"Comiston"
"124","24/07/2024 09:00:00",0.2,"Comiston"
"125","25/07/2024 09:00:00",4.6,"Comiston"
"126","26/07/2024 09:00:00",0.2,"Comiston"
"127","27/07/2024 09:00:00",0,"Comiston"
"128","28/07/2024 09:00:00",0,"Comiston"
"129","29/07/2024 09:00:00",0,"Comiston"
"130","30/07/2024 09:00:00",0,"Comiston"
"131","31/07/2024 09:00:00",0.4,"Comiston"
"132","01/08/2024 09:00:00",0,"Comiston"
"133","02/08/2024 09:00:00",0.2,"Comiston"
"134","03/08/2024 09:00:00",0,"Comiston"
"135","04/08/2024 09:00:00",5.4,"Comiston"
"136","05/08/2024 09:00:00",0.8,"Comiston"
"137","06/08/2024 09:00:00",0,"Comiston"
"138","07/08/2024 09:00:00",0,"Comiston"
"139","08/08/2024 09:00:00",6.4,"Comiston"
"140","09/08/2024 09:00:00",2.8,"Comiston"
"141","10/08/2024 09:00:00",0,"Comiston"
"142","11/08/2024 09:00:00",0.8,"Comiston"
"143","12/08/2024 09:00:00",0,"Comiston"
"144","13/08/2024 09:00:00",0.4,"Comiston"
"145","14/08/2024 09:00:00",3,"Comiston"
"146","15/08/2024 09:00:00",2.6,"Comiston"
"147","16/08/2024 09:00:00",0,"Comiston"
"148","17/08/2024 09:00:00",0.2,"Comiston"
"149","18/08/2024 09:00:00",0,"Comiston"
"150","19/08/2024 09:00:00",4.2,"Comiston"
"151","20/08/2024 09:00:00",0.4,"Comiston"
"152","21/08/2024 09:00:00",2.8,"Comiston"
"153","22/08/2024 09:00:00",14.6,"Comiston"
"154","23/08/2024 09:00:00",2.2,"Comiston"
"155","24/08/2024 09:00:00",0,"Comiston"
"156","25/08/2024 09:00:00",2.8,"Comiston"
"157","26/08/2024 09:00:00",3.6,"Comiston"
"158","27/08/2024 09:00:00",0.6,"Comiston"
"159","28/08/2024 09:00:00",2,"Comiston"
"160","29/08/2024 09:00:00",0.2,"Comiston"
"161","30/08/2024 09:00:00",0,"Comiston"
"162","31/08/2024 09:00:00",0,"Comiston"
"163","01/09/2024 09:00:00",8.6,"Comiston"
"164","02/09/2024 09:00:00",2.4,"Comiston"
"165","03/09/2024 09:00:00",0,"Comiston"
"166","04/09/2024 09:00:00",0.8,"Comiston"
"167","05/09/2024 09:00:00",3.2,"Comiston"
"168","06/09/2024 09:00:00",1.8,"Comiston"
"169","07/09/2024 09:00:00",0.2,"Comiston"
"170","08/09/2024 09:00:00",5.2,"Comiston"
"171","09/09/2024 09:00:00",3.6,"Comiston"
"172","10/09/2024 09:00:00",0,"Comiston"
"173","11/09/2024 09:00:00",0,"Comiston"
"174","12/09/2024 09:00:00",0,"Comiston"
"175","13/09/2024 09:00:00",0.2,"Comiston"
"176","14/09/2024 09:00:00",0.4,"Comiston"
"177","15/09/2024 09:00:00",0,"Comiston"
"178","16/09/2024 09:00:00",0,"Comiston"
"179","17/09/2024 09:00:00",0,"Comiston"
"180","18/09/2024 09:00:00",0,"Comiston"
"181","19/09/2024 09:00:00",0.4,"Comiston"
"182","20/09/2024 09:00:00",1.4,"Comiston"
"183","21/09/2024 09:00:00",0.6,"Comiston"
"184","22/09/2024 09:00:00",0,"Comiston"
"185","23/09/2024 09:00:00",1.8,"Comiston"
"186","24/09/2024 09:00:00",1.8,"Comiston"
"187","25/09/2024 09:00:00",11.8,"Comiston"
"188","26/09/2024 09:00:00",0.2,"Comiston"
"189","27/09/2024 09:00:00",0,"Comiston"
"190","28/09/2024 09:00:00",0,"Comiston"
"191","29/09/2024 09:00:00",1,"Comiston"
"192","30/09/2024 09:00:00",3.8,"Comiston"
"193","01/10/2024 09:00:00",0.2,"Comiston"
"194","02/10/2024 09:00:00",0,"Comiston"
"195","03/10/2024 09:00:00",0,"Comiston"
"196","04/10/2024 09:00:00",0,"Comiston"
"197","05/10/2024 09:00:00",0.8,"Comiston"
"198","06/10/2024 09:00:00",9,"Comiston"
"199","07/10/2024 09:00:00",2.6,"Comiston"
"200","08/10/2024 09:00:00",16,"Comiston"
"201","09/10/2024 09:00:00",0,"Comiston"
"202","10/10/2024 09:00:00",0,"Comiston"
"203","11/10/2024 09:00:00",1.6,"Comiston"
"204","12/10/2024 09:00:00",3.8,"Comiston"
"205","13/10/2024 09:00:00",0,"Comiston"
"206","14/10/2024 09:00:00",0,"Comiston"
"207","15/10/2024 09:00:00",2,"Comiston"
"208","16/10/2024 09:00:00",11.4,"Comiston"
"209","17/10/2024 09:00:00",0.2,"Comiston"
"210","18/10/2024 09:00:00",1.4,"Comiston"
"211","19/10/2024 09:00:00",3.4,"Comiston"
"212","20/10/2024 09:00:00",5.4,"Comiston"
"213","21/10/2024 09:00:00",1.6,"Comiston"
"214","22/10/2024 09:00:00",0.2,"Comiston"
"215","23/10/2024 09:00:00",0,"Comiston"
"216","24/10/2024 09:00:00",0,"Comiston"
"217","25/10/2024 09:00:00",0,"Comiston"
"218","26/10/2024 09:00:00",2.4,"Comiston"
"219","27/10/2024 09:00:00",2.4,"Comiston"
"220","28/10/2024 09:00:00",0,"Comiston"
"221","29/10/2024 09:00:00",0,"Comiston"
"222","30/10/2024 09:00:00",0,"Comiston"
"223","31/10/2024 09:00:00",0,"Comiston"
"224","01/11/2024 09:00:00",2.8,"Comiston"
"225","02/11/2024 09:00:00",0.4,"Comiston"
"226","03/11/2024 09:00:00",0.2,"Comiston"
"227","04/11/2024 09:00:00",0,"Comiston"
"228","05/11/2024 09:00:00",0,"Comiston"
"229","06/11/2024 09:00:00",0,"Comiston"
"230","07/11/2024 09:00:00",0,"Comiston"
"231","08/11/2024 09:00:00",0,"Comiston"
"232","09/11/2024 09:00:00",0.2,"Comiston"
"233","10/11/2024 09:00:00",0,"Comiston"
"234","11/11/2024 09:00:00",0,"Comiston"
"235","12/11/2024 09:00:00",0,"Comiston"
"236","13/11/2024 09:00:00",0.2,"Comiston"
"237","14/11/2024 09:00:00",0,"Comiston"
"238","15/11/2024 09:00:00",0,"Comiston"
"239","16/11/2024 09:00:00",0,"Comiston"
"240","17/11/2024 09:00:00",0,"Comiston"
"241","18/11/2024 09:00:00",0,"Comiston"
"242","19/11/2024 09:00:00",0,"Comiston"
"243","20/11/2024 09:00:00",0,"Comiston"
"244","21/11/2024 09:00:00",0,"Comiston"
"245","22/11/2024 09:00:00",1.2,"Comiston"
"246","23/11/2024 09:00:00",18.6,"Comiston"
"247","24/11/2024 09:00:00",0.4,"Comiston"
"248","25/11/2024 09:00:00",0.4,"Comiston"
"249","26/11/2024 09:00:00",3.6,"Comiston"
"250","27/11/2024 09:00:00",0.2,"Comiston"
"251","28/11/2024 09:00:00",1.2,"Comiston"
"252","29/11/2024 09:00:00",0,"Comiston"
"253","30/11/2024 09:00:00",0.6,"Comiston"
"254","01/12/2024 09:00:00",3.4,"Comiston"
"255","02/12/2024 09:00:00",0.2,"Comiston"
"256","03/12/2024 09:00:00",3.4,"Comiston"
"257","04/12/2024 09:00:00",5.2,"Comiston"
"258","05/12/2024 09:00:00",0.2,"Comiston"
"259","06/12/2024 09:00:00",20.2,"Comiston"
"260","07/12/2024 09:00:00",3.4,"Comiston"
"261","08/12/2024 09:00:00",0,"Comiston"
"262","09/12/2024 09:00:00",0,"Comiston"
"263","10/12/2024 09:00:00",0,"Comiston"
"264","11/12/2024 09:00:00",0,"Comiston"
"265","12/12/2024 09:00:00",0.2,"Comiston"
"266","13/12/2024 09:00:00",0,"Comiston"
"267","14/12/2024 09:00:00",0.2,"Comiston"
"268","15/12/2024 09:00:00",0.8,"Comiston"
"269","16/12/2024 09:00:00",0.2,"Comiston"
"270","17/12/2024 09:00:00",2,"Comiston"
"271","18/12/2024 09:00:00",0,"Comiston"
"272","19/12/2024 09:00:00",0,"Comiston"
"273","20/12/2024 09:00:00",1.4,"Comiston"
"274","21/12/2024 09:00:00",3.2,"Comiston"
"275","22/12/2024 09:00:00",0,"Comiston"
"276","23/12/2024 09:00:00",0.2,"Comiston"
"277","24/12/2024 09:00:00",0,"Comiston"
"278","25/12/2024 09:00:00",0,"Comiston"
"279","26/12/2024 09:00:00",0,"Comiston"
"280","27/12/2024 09:00:00",0,"Comiston"
"281","28/12/2024 09:00:00",0.4,"Comiston"
"282","29/12/2024 09:00:00",0,"Comiston"
"283","30/12/2024 09:00:00",16.8,"Comiston"
"284","31/12/2024 09:00:00",10,"Comiston"
"285","01/01/2025 09:00:00",14.8,"Comiston"
"286","02/01/2025 09:00:00",0,"Comiston"
"287","03/01/2025 09:00:00",0.4,"Comiston"
"288","04/01/2025 09:00:00",0,"Comiston"
"289","05/01/2025 09:00:00",18.6,"Comiston"
"290","06/01/2025 09:00:00",0,"Comiston"
"291","07/01/2025 09:00:00",0,"Comiston"
"292","08/01/2025 09:00:00",0,"Comiston"
"293","09/01/2025 09:00:00",0,"Comiston"
"294","10/01/2025 09:00:00",0,"Comiston"
"295","11/01/2025 09:00:00",0.2,"Comiston"
"296","12/01/2025 09:00:00",0,"Comiston"
"297","13/01/2025 09:00:00",0.4,"Comiston"
"298","14/01/2025 09:00:00",0.2,"Comiston"
"299","15/01/2025 09:00:00",0,"Comiston"
"300","16/01/2025 09:00:00",0,"Comiston"
"301","17/01/2025 09:00:00",0,"Comiston"
"302","18/01/2025 09:00:00",0,"Comiston"
"303","19/01/2025 09:00:00",0,"Comiston"
"304","20/01/2025 09:00:00",0,"Comiston"
"305","21/01/2025 09:00:00",0,"Comiston"
"306","22/01/2025 09:00:00",0.2,"Comiston"
"307","23/01/2025 09:00:00",3,"Comiston"
"308","24/01/2025 09:00:00",10.4,"Comiston"
"309","25/01/2025 09:00:00",4.4,"Comiston"
"310","26/01/2025 09:00:00",4,"Comiston"
"311","27/01/2025 09:00:00",5.6,"Comiston"
"312","28/01/2025 09:00:00",0,"Comiston"
"313","29/01/2025 09:00:00",0,"Comiston"
"314","30/01/2025 09:00:00",0,"Comiston"
"315","31/01/2025 09:00:00",0,"Comiston"
"316","01/02/2025 09:00:00",4.2,"Comiston"
"317","02/02/2025 09:00:00",0,"Comiston"
"318","03/02/2025 09:00:00",1.8,"Comiston"
"319","04/02/2025 09:00:00",4.4,"Comiston"
"320","05/02/2025 09:00:00",0.2,"Comiston"
"321","06/02/2025 09:00:00",0,"Comiston"
"322","07/02/2025 09:00:00",0.8,"Comiston"
"323","08/02/2025 09:00:00",1.2,"Comiston"
"324","09/02/2025 09:00:00",1.4,"Comiston"
"325","10/02/2025 09:00:00",4.4,"Comiston"
"326","11/02/2025 09:00:00",0.4,"Comiston"
"327","12/02/2025 09:00:00",0,"Comiston"
"328","13/02/2025 09:00:00",0.2,"Comiston"
"329","14/02/2025 09:00:00",0.2,"Comiston"
"330","15/02/2025 09:00:00",0.6,"Comiston"
"331","16/02/2025 09:00:00",0,"Comiston"
"332","17/02/2025 09:00:00",0.2,"Comiston"
"333","18/02/2025 09:00:00",0.2,"Comiston"
"334","19/02/2025 09:00:00",4,"Comiston"
"335","20/02/2025 09:00:00",3.6,"Comiston"
"336","21/02/2025 09:00:00",1.4,"Comiston"
"337","22/02/2025 09:00:00",0.6,"Comiston"
"338","23/02/2025 09:00:00",1,"Comiston"
"339","24/02/2025 09:00:00",3.2,"Comiston"
"340","25/02/2025 09:00:00",0.4,"Comiston"
"341","26/02/2025 09:00:00",0.8,"Comiston"
"342","27/02/2025 09:00:00",0,"Comiston"
"343","28/02/2025 09:00:00",0,"Comiston"
"344","01/03/2025 09:00:00",0,"Comiston"
"345","02/03/2025 09:00:00",0,"Comiston"
"346","03/03/2025 09:00:00",0,"Comiston"
"347","04/03/2025 09:00:00",0.2,"Comiston"
"348","05/03/2025 09:00:00",0.2,"Comiston"
"349","06/03/2025 09:00:00",0,"Comiston"
"350","07/03/2025 09:00:00",0,"Comiston"
"351","08/03/2025 09:00:00",0.2,"Comiston"
"352","09/03/2025 09:00:00",0,"Comiston"
"353","10/03/2025 09:00:00",0,"Comiston"
"354","11/03/2025 09:00:00",0,"Comiston"
"355","12/03/2025 09:00:00",0.2,"Comiston"
"356","13/03/2025 09:00:00",0.6,"Comiston"
"357","14/03/2025 09:00:00",0,"Comiston"
"358","15/03/2025 09:00:00",0,"Comiston"
"359","16/03/2025 09:00:00",0.6,"Comiston"
"360","17/03/2025 09:00:00",0.2,"Comiston"
"361","18/03/2025 09:00:00",0,"Comiston"
"362","19/03/2025 09:00:00",0,"Comiston"
"363","20/03/2025 09:00:00",0,"Comiston"
"364","21/03/2025 09:00:00",0.8,"Comiston"
"365","23/03/2024 09:00:00",0,"Gogarbank"
"366","24/03/2024 09:00:00",0,"Gogarbank"
"367","25/03/2024 09:00:00",10.8,"Gogarbank"
"368","26/03/2024 09:00:00",9.2,"Gogarbank"
"369","27/03/2024 09:00:00",10.2,"Gogarbank"
"370","28/03/2024 09:00:00",11.2,"Gogarbank"
"371","29/03/2024 09:00:00",0.4,"Gogarbank"
"372","30/03/2024 09:00:00",0,"Gogarbank"
"373","31/03/2024 09:00:00",0,"Gogarbank"
"374","01/04/2024 09:00:00",12.4,"Gogarbank"
"375","02/04/2024 09:00:00",3.6,"Gogarbank"
"376","03/04/2024 09:00:00",19,"Gogarbank"
"377","04/04/2024 09:00:00",13.8,"Gogarbank"
"378","05/04/2024 09:00:00",11.2,"Gogarbank"
"379","06/04/2024 09:00:00",0.6,"Gogarbank"
"380","07/04/2024 09:00:00",0,"Gogarbank"
"381","08/04/2024 09:00:00",12.2,"Gogarbank"
"382","09/04/2024 09:00:00",1,"Gogarbank"
"383","10/04/2024 09:00:00",3.2,"Gogarbank"
"384","11/04/2024 09:00:00",2.4,"Gogarbank"
"385","12/04/2024 09:00:00",2.6,"Gogarbank"
"386","13/04/2024 09:00:00",2.8,"Gogarbank"
"387","14/04/2024 09:00:00",3.6,"Gogarbank"
"388","15/04/2024 09:00:00",0,"Gogarbank"
"389","16/04/2024 09:00:00",0.2,"Gogarbank"
"390","17/04/2024 09:00:00",0,"Gogarbank"
"391","18/04/2024 09:00:00",0.4,"Gogarbank"
"392","19/04/2024 09:00:00",0,"Gogarbank"
"393","20/04/2024 09:00:00",0,"Gogarbank"
"394","21/04/2024 09:00:00",1.4,"Gogarbank"
"395","22/04/2024 09:00:00",0,"Gogarbank"
"396","23/04/2024 09:00:00",0,"Gogarbank"
"397","24/04/2024 09:00:00",0,"Gogarbank"
"398","25/04/2024 09:00:00",0,"Gogarbank"
"399","26/04/2024 09:00:00",0,"Gogarbank"
"400","27/04/2024 09:00:00",0.8,"Gogarbank"
"401","28/04/2024 09:00:00",0,"Gogarbank"
"402","29/04/2024 09:00:00",0.2,"Gogarbank"
"403","30/04/2024 09:00:00",0,"Gogarbank"
"404","01/05/2024 09:00:00",0,"Gogarbank"
"405","02/05/2024 09:00:00",0,"Gogarbank"
"406","03/05/2024 09:00:00",0.6,"Gogarbank"
"407","04/05/2024 09:00:00",1,"Gogarbank"
"408","05/05/2024 09:00:00",7.2,"Gogarbank"
"409","06/05/2024 09:00:00",3,"Gogarbank"
"410","07/05/2024 09:00:00",0,"Gogarbank"
"411","08/05/2024 09:00:00",0.2,"Gogarbank"
"412","09/05/2024 09:00:00",0,"Gogarbank"
"413","10/05/2024 09:00:00",0,"Gogarbank"
"414","11/05/2024 09:00:00",0,"Gogarbank"
"415","12/05/2024 09:00:00",2.6,"Gogarbank"
"416","13/05/2024 09:00:00",0.4,"Gogarbank"
"417","14/05/2024 09:00:00",0.4,"Gogarbank"
"418","15/05/2024 09:00:00",0.2,"Gogarbank"
"419","16/05/2024 09:00:00",0,"Gogarbank"
"420","17/05/2024 09:00:00",0,"Gogarbank"
"421","18/05/2024 09:00:00",0,"Gogarbank"
"422","19/05/2024 09:00:00",0,"Gogarbank"
"423","20/05/2024 09:00:00",0,"Gogarbank"
"424","21/05/2024 09:00:00",1.2,"Gogarbank"
"425","22/05/2024 09:00:00",32.4,"Gogarbank"
"426","23/05/2024 09:00:00",37.2,"Gogarbank"
"427","24/05/2024 09:00:00",5.6,"Gogarbank"
"428","25/05/2024 09:00:00",7.4,"Gogarbank"
"429","26/05/2024 09:00:00",15.8,"Gogarbank"
"430","27/05/2024 09:00:00",1,"Gogarbank"
"431","28/05/2024 09:00:00",9.4,"Gogarbank"
"432","29/05/2024 09:00:00",12.2,"Gogarbank"
"433","30/05/2024 09:00:00",0,"Gogarbank"
"434","31/05/2024 09:00:00",0,"Gogarbank"
"435","01/06/2024 09:00:00",0,"Gogarbank"
"436","02/06/2024 09:00:00",0.4,"Gogarbank"
"437","03/06/2024 09:00:00",0.6,"Gogarbank"
"438","04/06/2024 09:00:00",0,"Gogarbank"
"439","05/06/2024 09:00:00",0.8,"Gogarbank"
"440","06/06/2024 09:00:00",0.4,"Gogarbank"
"441","07/06/2024 09:00:00",0.8,"Gogarbank"
"442","08/06/2024 09:00:00",0,"Gogarbank"
"443","09/06/2024 09:00:00",0.2,"Gogarbank"
"444","10/06/2024 09:00:00",1.4,"Gogarbank"
"445","11/06/2024 09:00:00",0,"Gogarbank"
"446","12/06/2024 09:00:00",0,"Gogarbank"
"447","13/06/2024 09:00:00",7.8,"Gogarbank"
"448","14/06/2024 09:00:00",8.8,"Gogarbank"
"449","15/06/2024 09:00:00",0,"Gogarbank"
"450","16/06/2024 09:00:00",2.8,"Gogarbank"
"451","17/06/2024 09:00:00",1,"Gogarbank"
"452","18/06/2024 09:00:00",1.4,"Gogarbank"
"453","19/06/2024 09:00:00",0,"Gogarbank"
"454","20/06/2024 09:00:00",0,"Gogarbank"
"455","21/06/2024 09:00:00",1.6,"Gogarbank"
"456","22/06/2024 09:00:00",0,"Gogarbank"
"457","23/06/2024 09:00:00",0,"Gogarbank"
"458","24/06/2024 09:00:00",0,"Gogarbank"
"459","25/06/2024 09:00:00",2,"Gogarbank"
"460","26/06/2024 09:00:00",0,"Gogarbank"
"461","27/06/2024 09:00:00",0.2,"Gogarbank"
"462","28/06/2024 09:00:00",0.8,"Gogarbank"
"463","29/06/2024 09:00:00",0,"Gogarbank"
"464","30/06/2024 09:00:00",0,"Gogarbank"
"465","01/07/2024 09:00:00",0.2,"Gogarbank"
"466","02/07/2024 09:00:00",1.8,"Gogarbank"
"467","03/07/2024 09:00:00",1.8,"Gogarbank"
"468","04/07/2024 09:00:00",2.8,"Gogarbank"
"469","05/07/2024 09:00:00",0,"Gogarbank"
"470","06/07/2024 09:00:00",1.8,"Gogarbank"
"471","07/07/2024 09:00:00",0,"Gogarbank"
"472","08/07/2024 09:00:00",0,"Gogarbank"
"473","09/07/2024 09:00:00",7.6,"Gogarbank"
"474","10/07/2024 09:00:00",0.2,"Gogarbank"
"475","11/07/2024 09:00:00",0,"Gogarbank"
"476","12/07/2024 09:00:00",0,"Gogarbank"
"477","13/07/2024 09:00:00",4,"Gogarbank"
"478","14/07/2024 09:00:00",0,"Gogarbank"
"479","15/07/2024 09:00:00",3.6,"Gogarbank"
"480","16/07/2024 09:00:00",3.4,"Gogarbank"
"481","17/07/2024 09:00:00",0.8,"Gogarbank"
"482","18/07/2024 09:00:00",0,"Gogarbank"
"483","19/07/2024 09:00:00",0,"Gogarbank"
"484","20/07/2024 09:00:00",10.2,"Gogarbank"
"485","21/07/2024 09:00:00",0.4,"Gogarbank"
"486","22/07/2024 09:00:00",0.2,"Gogarbank"
"487","23/07/2024 09:00:00",0,"Gogarbank"
"488","24/07/2024 09:00:00",0,"Gogarbank"
"489","25/07/2024 09:00:00",8.6,"Gogarbank"
"490","26/07/2024 09:00:00",0,"Gogarbank"
"491","27/07/2024 09:00:00",0.4,"Gogarbank"
"492","28/07/2024 09:00:00",0,"Gogarbank"
"493","29/07/2024 09:00:00",0,"Gogarbank"
"494","30/07/2024 09:00:00",0,"Gogarbank"
"495","31/07/2024 09:00:00",0.2,"Gogarbank"
"496","01/08/2024 09:00:00",0,"Gogarbank"
"497","02/08/2024 09:00:00",0.2,"Gogarbank"
"498","03/08/2024 09:00:00",0,"Gogarbank"
"499","04/08/2024 09:00:00",4.8,"Gogarbank"
"500","05/08/2024 09:00:00",1.4,"Gogarbank"
"501","06/08/2024 09:00:00",0,"Gogarbank"
"502","07/08/2024 09:00:00",0.4,"Gogarbank"
"503","08/08/2024 09:00:00",6.6,"Gogarbank"
"504","09/08/2024 09:00:00",2,"Gogarbank"
"505","10/08/2024 09:00:00",0,"Gogarbank"
"506","11/08/2024 09:00:00",1.6,"Gogarbank"
"507","12/08/2024 09:00:00",0,"Gogarbank"
"508","13/08/2024 09:00:00",0.6,"Gogarbank"
"509","14/08/2024 09:00:00",5,"Gogarbank"
"510","15/08/2024 09:00:00",3.4,"Gogarbank"
"511","16/08/2024 09:00:00",0.6,"Gogarbank"
"512","17/08/2024 09:00:00",0.2,"Gogarbank"
"513","18/08/2024 09:00:00",0,"Gogarbank"
"514","19/08/2024 09:00:00",3.4,"Gogarbank"
"515","20/08/2024 09:00:00",1.2,"Gogarbank"
"516","21/08/2024 09:00:00",3,"Gogarbank"
"517","22/08/2024 09:00:00",15.6,"Gogarbank"
"518","23/08/2024 09:00:00",3.2,"Gogarbank"
"519","24/08/2024 09:00:00",0,"Gogarbank"
"520","25/08/2024 09:00:00",3,"Gogarbank"
"521","26/08/2024 09:00:00",3.8,"Gogarbank"
"522","27/08/2024 09:00:00",0.4,"Gogarbank"
"523","28/08/2024 09:00:00",1.8,"Gogarbank"
"524","29/08/2024 09:00:00",0,"Gogarbank"
"525","30/08/2024 09:00:00",0,"Gogarbank"
"526","31/08/2024 09:00:00",0,"Gogarbank"
"527","01/09/2024 09:00:00",9.2,"Gogarbank"
"528","02/09/2024 09:00:00",11.4,"Gogarbank"
"529","03/09/2024 09:00:00",0,"Gogarbank"
"530","04/09/2024 09:00:00",0,"Gogarbank"
"531","05/09/2024 09:00:00",1,"Gogarbank"
"532","06/09/2024 09:00:00",0.8,"Gogarbank"
"533","07/09/2024 09:00:00",0.2,"Gogarbank"
"534","08/09/2024 09:00:00",3.6,"Gogarbank"
"535","09/09/2024 09:00:00",4.8,"Gogarbank"
"536","10/09/2024 09:00:00",0,"Gogarbank"
"537","11/09/2024 09:00:00",0,"Gogarbank"
"538","12/09/2024 09:00:00",0,"Gogarbank"
"539","13/09/2024 09:00:00",0.2,"Gogarbank"
"540","14/09/2024 09:00:00",1,"Gogarbank"
"541","15/09/2024 09:00:00",0.2,"Gogarbank"
"542","16/09/2024 09:00:00",0,"Gogarbank"
"543","17/09/2024 09:00:00",0,"Gogarbank"
"544","18/09/2024 09:00:00",0,"Gogarbank"
"545","19/09/2024 09:00:00",0.2,"Gogarbank"
"546","20/09/2024 09:00:00",0.4,"Gogarbank"
"547","21/09/2024 09:00:00",0,"Gogarbank"
"548","22/09/2024 09:00:00",0,"Gogarbank"
"549","23/09/2024 09:00:00",1.2,"Gogarbank"
"550","24/09/2024 09:00:00",0.2,"Gogarbank"
"551","25/09/2024 09:00:00",18.4,"Gogarbank"
"552","26/09/2024 09:00:00",0.2,"Gogarbank"
"553","27/09/2024 09:00:00",0,"Gogarbank"
"554","28/09/2024 09:00:00",0,"Gogarbank"
"555","29/09/2024 09:00:00",0,"Gogarbank"
"556","30/09/2024 09:00:00",1.6,"Gogarbank"
"557","01/10/2024 09:00:00",0,"Gogarbank"
"558","02/10/2024 09:00:00",0,"Gogarbank"
"559","03/10/2024 09:00:00",0,"Gogarbank"
"560","04/10/2024 09:00:00",0.4,"Gogarbank"
"561","05/10/2024 09:00:00",0.6,"Gogarbank"
"562","06/10/2024 09:00:00",10.2,"Gogarbank"
"563","07/10/2024 09:00:00",1.4,"Gogarbank"
"564","08/10/2024 09:00:00",6.6,"Gogarbank"
"565","09/10/2024 09:00:00",0,"Gogarbank"
"566","10/10/2024 09:00:00",0,"Gogarbank"
"567","11/10/2024 09:00:00",1.4,"Gogarbank"
"568","12/10/2024 09:00:00",7.2,"Gogarbank"
"569","13/10/2024 09:00:00",0,"Gogarbank"
"570","14/10/2024 09:00:00",0,"Gogarbank"
"571","15/10/2024 09:00:00",1.8,"Gogarbank"
"572","16/10/2024 09:00:00",9.8,"Gogarbank"
"573","17/10/2024 09:00:00",0.6,"Gogarbank"
"574","18/10/2024 09:00:00",1.6,"Gogarbank"
"575","19/10/2024 09:00:00",2.2,"Gogarbank"
"576","20/10/2024 09:00:00",7.2,"Gogarbank"
"577","21/10/2024 09:00:00",0.6,"Gogarbank"
"578","22/10/2024 09:00:00",0,"Gogarbank"
"579","23/10/2024 09:00:00",0,"Gogarbank"
"580","24/10/2024 09:00:00",0,"Gogarbank"
"581","25/10/2024 09:00:00",1.6,"Gogarbank"
"582","26/10/2024 09:00:00",2,"Gogarbank"
"583","27/10/2024 09:00:00",2.2,"Gogarbank"
"584","28/10/2024 09:00:00",0,"Gogarbank"
"585","29/10/2024 09:00:00",0,"Gogarbank"
"586","30/10/2024 09:00:00",0,"Gogarbank"
"587","31/10/2024 09:00:00",0,"Gogarbank"
"588","01/11/2024 09:00:00",1,"Gogarbank"
"589","02/11/2024 09:00:00",0,"Gogarbank"
"590","03/11/2024 09:00:00",0,"Gogarbank"
"591","04/11/2024 09:00:00",0,"Gogarbank"
"592","05/11/2024 09:00:00",0,"Gogarbank"
"593","06/11/2024 09:00:00",0,"Gogarbank"
"594","07/11/2024 09:00:00",0,"Gogarbank"
"595","08/11/2024 09:00:00",0,"Gogarbank"
"596","09/11/2024 09:00:00",0.4,"Gogarbank"
"597","10/11/2024 09:00:00",0,"Gogarbank"
"598","11/11/2024 09:00:00",0.2,"Gogarbank"
"599","12/11/2024 09:00:00",0,"Gogarbank"
"600","13/11/2024 09:00:00",0,"Gogarbank"
"601","14/11/2024 09:00:00",0,"Gogarbank"
"602","15/11/2024 09:00:00",0,"Gogarbank"
"603","16/11/2024 09:00:00",0,"Gogarbank"
"604","17/11/2024 09:00:00",0,"Gogarbank"
"605","18/11/2024 09:00:00",0.2,"Gogarbank"
"606","19/11/2024 09:00:00",0,"Gogarbank"
"607","20/11/2024 09:00:00",0,"Gogarbank"
"608","21/11/2024 09:00:00",0,"Gogarbank"
"609","22/11/2024 09:00:00",2,"Gogarbank"
"610","23/11/2024 09:00:00",14.8,"Gogarbank"
"611","24/11/2024 09:00:00",0.2,"Gogarbank"
"612","25/11/2024 09:00:00",0.4,"Gogarbank"
"613","26/11/2024 09:00:00",1.4,"Gogarbank"
"614","27/11/2024 09:00:00",0,"Gogarbank"
"615","28/11/2024 09:00:00",1,"Gogarbank"
"616","29/11/2024 09:00:00",0,"Gogarbank"
"617","30/11/2024 09:00:00",1.6,"Gogarbank"
"618","01/12/2024 09:00:00",4.6,"Gogarbank"
"619","02/12/2024 09:00:00",0,"Gogarbank"
"620","03/12/2024 09:00:00",2,"Gogarbank"
"621","04/12/2024 09:00:00",4.8,"Gogarbank"
"622","05/12/2024 09:00:00",0.2,"Gogarbank"
"623","06/12/2024 09:00:00",15.4,"Gogarbank"
"624","07/12/2024 09:00:00",2.8,"Gogarbank"
"625","08/12/2024 09:00:00",0,"Gogarbank"
"626","09/12/2024 09:00:00",0,"Gogarbank"
"627","10/12/2024 09:00:00",0,"Gogarbank"
"628","11/12/2024 09:00:00",0,"Gogarbank"
"629","12/12/2024 09:00:00",0,"Gogarbank"
"630","13/12/2024 09:00:00",0,"Gogarbank"
"631","14/12/2024 09:00:00",0,"Gogarbank"
"632","15/12/2024 09:00:00",0.8,"Gogarbank"
"633","16/12/2024 09:00:00",0.6,"Gogarbank"
"634","17/12/2024 09:00:00",1.6,"Gogarbank"
"635","18/12/2024 09:00:00",0,"Gogarbank"
"636","19/12/2024 09:00:00",0,"Gogarbank"
"637","20/12/2024 09:00:00",1.4,"Gogarbank"
"638","21/12/2024 09:00:00",3.6,"Gogarbank"
"639","22/12/2024 09:00:00",0,"Gogarbank"
"640","23/12/2024 09:00:00",0,"Gogarbank"
"641","24/12/2024 09:00:00",0,"Gogarbank"
"642","25/12/2024 09:00:00",0,"Gogarbank"
"643","26/12/2024 09:00:00",0,"Gogarbank"
"644","27/12/2024 09:00:00",0,"Gogarbank"
"645","28/12/2024 09:00:00",0.2,"Gogarbank"
"646","29/12/2024 09:00:00",0,"Gogarbank"
"647","30/12/2024 09:00:00",20.8,"Gogarbank"
"648","31/12/2024 09:00:00",11.2,"Gogarbank"
"649","01/01/2025 09:00:00",13,"Gogarbank"
"650","02/01/2025 09:00:00",0,"Gogarbank"
"651","03/01/2025 09:00:00",0.6,"Gogarbank"
"652","04/01/2025 09:00:00",0.2,"Gogarbank"
"653","05/01/2025 09:00:00",16.6,"Gogarbank"
"654","06/01/2025 09:00:00",0,"Gogarbank"
"655","07/01/2025 09:00:00",0,"Gogarbank"
"656","08/01/2025 09:00:00",0,"Gogarbank"
"657","09/01/2025 09:00:00",0,"Gogarbank"
"658","10/01/2025 09:00:00",0,"Gogarbank"
"659","11/01/2025 09:00:00",0,"Gogarbank"
"660","12/01/2025 09:00:00",0,"Gogarbank"
"661","13/01/2025 09:00:00",0.4,"Gogarbank"
"662","14/01/2025 09:00:00",0,"Gogarbank"
"663","15/01/2025 09:00:00",0,"Gogarbank"
"664","16/01/2025 09:00:00",0,"Gogarbank"
"665","17/01/2025 09:00:00",0,"Gogarbank"
"666","18/01/2025 09:00:00",0,"Gogarbank"
"667","19/01/2025 09:00:00",0,"Gogarbank"
"668","20/01/2025 09:00:00",0,"Gogarbank"
"669","21/01/2025 09:00:00",0,"Gogarbank"
"670","22/01/2025 09:00:00",0,"Gogarbank"
"671","23/01/2025 09:00:00",4,"Gogarbank"
"672","24/01/2025 09:00:00",10.2,"Gogarbank"
"673","25/01/2025 09:00:00",3.8,"Gogarbank"
"674","26/01/2025 09:00:00",3,"Gogarbank"
"675","27/01/2025 09:00:00",4.4,"Gogarbank"
"676","28/01/2025 09:00:00",0,"Gogarbank"
"677","29/01/2025 09:00:00",0,"Gogarbank"
"678","30/01/2025 09:00:00",0,"Gogarbank"
"679","31/01/2025 09:00:00",0,"Gogarbank"
"680","01/02/2025 09:00:00",2.2,"Gogarbank"
"681","02/02/2025 09:00:00",0,"Gogarbank"
"682","03/02/2025 09:00:00",2.6,"Gogarbank"
"683","04/02/2025 09:00:00",4.6,"Gogarbank"
"684","05/02/2025 09:00:00",0.6,"Gogarbank"
"685","06/02/2025 09:00:00",0,"Gogarbank"
"686","07/02/2025 09:00:00",0.2,"Gogarbank"
"687","08/02/2025 09:00:00",0.4,"Gogarbank"
"688","09/02/2025 09:00:00",0.8,"Gogarbank"
"689","10/02/2025 09:00:00",2.8,"Gogarbank"
"690","11/02/2025 09:00:00",0.6,"Gogarbank"
"691","12/02/2025 09:00:00",0.2,"Gogarbank"
"692","13/02/2025 09:00:00",0,"Gogarbank"
"693","14/02/2025 09:00:00",0.4,"Gogarbank"
"694","15/02/2025 09:00:00",0.6,"Gogarbank"
"695","16/02/2025 09:00:00",0,"Gogarbank"
"696","17/02/2025 09:00:00",0.2,"Gogarbank"
"697","18/02/2025 09:00:00",0,"Gogarbank"
"698","19/02/2025 09:00:00",1.6,"Gogarbank"
"699","20/02/2025 09:00:00",4.8,"Gogarbank"
"700","21/02/2025 09:00:00",2.4,"Gogarbank"
"701","22/02/2025 09:00:00",0.6,"Gogarbank"
"702","23/02/2025 09:00:00",1.6,"Gogarbank"
"703","24/02/2025 09:00:00",3.4,"Gogarbank"
"704","25/02/2025 09:00:00",1.2,"Gogarbank"
"705","26/02/2025 09:00:00",0,"Gogarbank"
"706","27/02/2025 09:00:00",0,"Gogarbank"
"707","28/02/2025 09:00:00",0,"Gogarbank"
"708","01/03/2025 09:00:00",0,"Gogarbank"
"709","02/03/2025 09:00:00",0,"Gogarbank"
"710","03/03/2025 09:00:00",0,"Gogarbank"
"711","04/03/2025 09:00:00",0.6,"Gogarbank"
"712","05/03/2025 09:00:00",0,"Gogarbank"
"713","06/03/2025 09:00:00",0,"Gogarbank"
"714","07/03/2025 09:00:00",0.4,"Gogarbank"
"715","08/03/2025 09:00:00",0,"Gogarbank"
"716","09/03/2025 09:00:00",0,"Gogarbank"
"717","10/03/2025 09:00:00",0.6,"Gogarbank"
"718","11/03/2025 09:00:00",0,"Gogarbank"
"719","12/03/2025 09:00:00",0,"Gogarbank"
"720","13/03/2025 09:00:00",0.4,"Gogarbank"
"721","14/03/2025 09:00:00",0,"Gogarbank"
"722","15/03/2025 09:00:00",0,"Gogarbank"
"723","16/03/2025 09:00:00",0.2,"Gogarbank"
"724","17/03/2025 09:00:00",0,"Gogarbank"
"725","18/03/2025 09:00:00",0,"Gogarbank"
"726","19/03/2025 09:00:00",0,"Gogarbank"
"727","20/03/2025 09:00:00",0,"Gogarbank"
"728","21/03/2025 09:00:00",0.4,"Gogarbank"
"729","23/03/2024 09:00:00",0.2,"Harelaw"
"730","24/03/2024 09:00:00",0,"Harelaw"
"731","25/03/2024 09:00:00",9.6,"Harelaw"
"732","26/03/2024 09:00:00",6.8,"Harelaw"
"733","27/03/2024 09:00:00",7.6,"Harelaw"
"734","28/03/2024 09:00:00",11.8,"Harelaw"
"735","29/03/2024 09:00:00",1.2,"Harelaw"
"736","30/03/2024 09:00:00",0.4,"Harelaw"
"737","31/03/2024 09:00:00",0,"Harelaw"
"738","01/04/2024 09:00:00",7.6,"Harelaw"
"739","02/04/2024 09:00:00",3,"Harelaw"
"740","03/04/2024 09:00:00",19,"Harelaw"
"741","04/04/2024 09:00:00",16.6,"Harelaw"
"742","05/04/2024 09:00:00",9,"Harelaw"
"743","06/04/2024 09:00:00",1.2,"Harelaw"
"744","07/04/2024 09:00:00",0,"Harelaw"
"745","08/04/2024 09:00:00",13.8,"Harelaw"
"746","09/04/2024 09:00:00",4.8,"Harelaw"
"747","10/04/2024 09:00:00",1.2,"Harelaw"
"748","11/04/2024 09:00:00",1.8,"Harelaw"
"749","12/04/2024 09:00:00",2,"Harelaw"
"750","13/04/2024 09:00:00",3.6,"Harelaw"
"751","14/04/2024 09:00:00",2.6,"Harelaw"
"752","15/04/2024 09:00:00",0,"Harelaw"
"753","16/04/2024 09:00:00",0,"Harelaw"
"754","17/04/2024 09:00:00",0.2,"Harelaw"
"755","18/04/2024 09:00:00",1.6,"Harelaw"
"756","19/04/2024 09:00:00",0,"Harelaw"
"757","20/04/2024 09:00:00",0,"Harelaw"
"758","21/04/2024 09:00:00",0.6,"Harelaw"
"759","22/04/2024 09:00:00",0,"Harelaw"
"760","23/04/2024 09:00:00",0,"Harelaw"
"761","24/04/2024 09:00:00",0,"Harelaw"
"762","25/04/2024 09:00:00",1.6,"Harelaw"
"763","26/04/2024 09:00:00",0,"Harelaw"
"764","27/04/2024 09:00:00",0,"Harelaw"
"765","28/04/2024 09:00:00",0.2,"Harelaw"
"766","29/04/2024 09:00:00",0.4,"Harelaw"
"767","30/04/2024 09:00:00",0,"Harelaw"
"768","01/05/2024 09:00:00",0,"Harelaw"
"769","02/05/2024 09:00:00",0,"Harelaw"
"770","03/05/2024 09:00:00",2.6,"Harelaw"
"771","04/05/2024 09:00:00",0,"Harelaw"
"772","05/05/2024 09:00:00",6.8,"Harelaw"
"773","06/05/2024 09:00:00",7.6,"Harelaw"
"774","07/05/2024 09:00:00",0,"Harelaw"
"775","08/05/2024 09:00:00",0.2,"Harelaw"
"776","09/05/2024 09:00:00",0,"Harelaw"
"777","10/05/2024 09:00:00",0,"Harelaw"
"778","11/05/2024 09:00:00",0,"Harelaw"
"779","12/05/2024 09:00:00",0.6,"Harelaw"
"780","13/05/2024 09:00:00",0,"Harelaw"
"781","14/05/2024 09:00:00",0.2,"Harelaw"
"782","15/05/2024 09:00:00",0.2,"Harelaw"
"783","16/05/2024 09:00:00",0,"Harelaw"
"784","17/05/2024 09:00:00",0,"Harelaw"
"785","18/05/2024 09:00:00",0,"Harelaw"
"786","19/05/2024 09:00:00",0,"Harelaw"
"787","20/05/2024 09:00:00",0,"Harelaw"
"788","21/05/2024 09:00:00",0.2,"Harelaw"
"789","22/05/2024 09:00:00",50.2,"Harelaw"
"790","23/05/2024 09:00:00",34,"Harelaw"
"791","24/05/2024 09:00:00",4.6,"Harelaw"
"792","25/05/2024 09:00:00",3.8,"Harelaw"
"793","26/05/2024 09:00:00",7,"Harelaw"
"794","27/05/2024 09:00:00",2,"Harelaw"
"795","28/05/2024 09:00:00",8.4,"Harelaw"
"796","29/05/2024 09:00:00",20.8,"Harelaw"
"797","30/05/2024 09:00:00",0,"Harelaw"
"798","31/05/2024 09:00:00",0,"Harelaw"
"799","01/06/2024 09:00:00",0,"Harelaw"
"800","02/06/2024 09:00:00",0,"Harelaw"
"801","03/06/2024 09:00:00",0.4,"Harelaw"
"802","04/06/2024 09:00:00",0,"Harelaw"
"803","05/06/2024 09:00:00",2.2,"Harelaw"
"804","06/06/2024 09:00:00",0,"Harelaw"
"805","07/06/2024 09:00:00",0.2,"Harelaw"
"806","08/06/2024 09:00:00",0,"Harelaw"
"807","09/06/2024 09:00:00",0.8,"Harelaw"
"808","10/06/2024 09:00:00",0.4,"Harelaw"
"809","11/06/2024 09:00:00",0,"Harelaw"
"810","12/06/2024 09:00:00",0,"Harelaw"
"811","13/06/2024 09:00:00",5.2,"Harelaw"
"812","14/06/2024 09:00:00",10.6,"Harelaw"
"813","15/06/2024 09:00:00",0,"Harelaw"
"814","16/06/2024 09:00:00",3,"Harelaw"
"815","17/06/2024 09:00:00",6.6,"Harelaw"
"816","18/06/2024 09:00:00",1.8,"Harelaw"
"817","19/06/2024 09:00:00",0,"Harelaw"
"818","20/06/2024 09:00:00",0,"Harelaw"
"819","21/06/2024 09:00:00",0.4,"Harelaw"
"820","22/06/2024 09:00:00",0,"Harelaw"
"821","23/06/2024 09:00:00",0,"Harelaw"
"822","24/06/2024 09:00:00",0,"Harelaw"
"823","25/06/2024 09:00:00",1.4,"Harelaw"
"824","26/06/2024 09:00:00",0,"Harelaw"
"825","27/06/2024 09:00:00",0,"Harelaw"
"826","28/06/2024 09:00:00",1.8,"Harelaw"
"827","29/06/2024 09:00:00",0,"Harelaw"
"828","30/06/2024 09:00:00",0.4,"Harelaw"
"829","01/07/2024 09:00:00",1,"Harelaw"
"830","02/07/2024 09:00:00",1.2,"Harelaw"
"831","03/07/2024 09:00:00",0.8,"Harelaw"
"832","04/07/2024 09:00:00",0.8,"Harelaw"
"833","05/07/2024 09:00:00",0.4,"Harelaw"
"834","06/07/2024 09:00:00",1.6,"Harelaw"
"835","07/07/2024 09:00:00",0.2,"Harelaw"
"836","08/07/2024 09:00:00",0,"Harelaw"
"837","09/07/2024 09:00:00",12.6,"Harelaw"
"838","10/07/2024 09:00:00",1.6,"Harelaw"
"839","11/07/2024 09:00:00",0,"Harelaw"
"840","12/07/2024 09:00:00",0.8,"Harelaw"
"841","13/07/2024 09:00:00",4.8,"Harelaw"
"842","14/07/2024 09:00:00",0,"Harelaw"
"843","15/07/2024 09:00:00",4,"Harelaw"
"844","16/07/2024 09:00:00",1,"Harelaw"
"845","17/07/2024 09:00:00",1.6,"Harelaw"
"846","18/07/2024 09:00:00",0,"Harelaw"
"847","19/07/2024 09:00:00",0,"Harelaw"
"848","20/07/2024 09:00:00",9.2,"Harelaw"
"849","21/07/2024 09:00:00",0.6,"Harelaw"
"850","22/07/2024 09:00:00",1,"Harelaw"
"851","23/07/2024 09:00:00",0,"Harelaw"
"852","24/07/2024 09:00:00",0,"Harelaw"
"853","25/07/2024 09:00:00",2.2,"Harelaw"
"854","26/07/2024 09:00:00",0.2,"Harelaw"
"855","27/07/2024 09:00:00",1.2,"Harelaw"
"856","28/07/2024 09:00:00",0,"Harelaw"
"857","29/07/2024 09:00:00",0,"Harelaw"
"858","30/07/2024 09:00:00",0,"Harelaw"
"859","31/07/2024 09:00:00",0.2,"Harelaw"
"860","01/08/2024 09:00:00",0,"Harelaw"
"861","02/08/2024 09:00:00",0,"Harelaw"
"862","03/08/2024 09:00:00",0,"Harelaw"
"863","04/08/2024 09:00:00",5.8,"Harelaw"
"864","05/08/2024 09:00:00",0.6,"Harelaw"
"865","06/08/2024 09:00:00",0,"Harelaw"
"866","07/08/2024 09:00:00",0,"Harelaw"
"867","08/08/2024 09:00:00",6.6,"Harelaw"
"868","09/08/2024 09:00:00",1.4,"Harelaw"
"869","10/08/2024 09:00:00",0.2,"Harelaw"
"870","11/08/2024 09:00:00",3.6,"Harelaw"
"871","12/08/2024 09:00:00",0.4,"Harelaw"
"872","13/08/2024 09:00:00",0.8,"Harelaw"
"873","14/08/2024 09:00:00",2.6,"Harelaw"
"874","15/08/2024 09:00:00",2.2,"Harelaw"
"875","16/08/2024 09:00:00",0,"Harelaw"
"876","17/08/2024 09:00:00",0,"Harelaw"
"877","18/08/2024 09:00:00",0,"Harelaw"
"878","19/08/2024 09:00:00",3.4,"Harelaw"
"879","20/08/2024 09:00:00",0.2,"Harelaw"
"880","21/08/2024 09:00:00",1.8,"Harelaw"
"881","22/08/2024 09:00:00",14,"Harelaw"
"882","23/08/2024 09:00:00",2.6,"Harelaw"
"883","24/08/2024 09:00:00",0.2,"Harelaw"
"884","25/08/2024 09:00:00",2.4,"Harelaw"
"885","26/08/2024 09:00:00",3.6,"Harelaw"
"886","27/08/2024 09:00:00",0.4,"Harelaw"
"887","28/08/2024 09:00:00",3.4,"Harelaw"
"888","29/08/2024 09:00:00",0,"Harelaw"
"889","30/08/2024 09:00:00",0,"Harelaw"
"890","31/08/2024 09:00:00",0,"Harelaw"
"891","01/09/2024 09:00:00",9.6,"Harelaw"
"892","02/09/2024 09:00:00",1.8,"Harelaw"
"893","03/09/2024 09:00:00",0.4,"Harelaw"
"894","04/09/2024 09:00:00",0.2,"Harelaw"
"895","05/09/2024 09:00:00",2.2,"Harelaw"
"896","06/09/2024 09:00:00",1.2,"Harelaw"
"897","07/09/2024 09:00:00",0.6,"Harelaw"
"898","08/09/2024 09:00:00",3.8,"Harelaw"
"899","09/09/2024 09:00:00",2.4,"Harelaw"
"900","10/09/2024 09:00:00",0,"Harelaw"
"901","11/09/2024 09:00:00",0.4,"Harelaw"
"902","12/09/2024 09:00:00",0,"Harelaw"
"903","13/09/2024 09:00:00",0.2,"Harelaw"
"904","14/09/2024 09:00:00",1.6,"Harelaw"
"905","15/09/2024 09:00:00",0,"Harelaw"
"906","16/09/2024 09:00:00",0,"Harelaw"
"907","17/09/2024 09:00:00",0,"Harelaw"
"908","18/09/2024 09:00:00",0,"Harelaw"
"909","19/09/2024 09:00:00",0.6,"Harelaw"
"910","20/09/2024 09:00:00",0.6,"Harelaw"
"911","21/09/2024 09:00:00",0.2,"Harelaw"
"912","22/09/2024 09:00:00",0,"Harelaw"
"913","23/09/2024 09:00:00",1,"Harelaw"
"914","24/09/2024 09:00:00",0.4,"Harelaw"
"915","25/09/2024 09:00:00",9.2,"Harelaw"
"916","26/09/2024 09:00:00",0.2,"Harelaw"
"917","27/09/2024 09:00:00",0,"Harelaw"
"918","28/09/2024 09:00:00",0,"Harelaw"
"919","29/09/2024 09:00:00",2,"Harelaw"
"920","30/09/2024 09:00:00",4,"Harelaw"
"921","01/10/2024 09:00:00",0.2,"Harelaw"
"922","02/10/2024 09:00:00",0,"Harelaw"
"923","03/10/2024 09:00:00",0,"Harelaw"
"924","04/10/2024 09:00:00",0.6,"Harelaw"
"925","05/10/2024 09:00:00",0.6,"Harelaw"
"926","06/10/2024 09:00:00",9.2,"Harelaw"
"927","07/10/2024 09:00:00",4.2,"Harelaw"
"928","08/10/2024 09:00:00",10.2,"Harelaw"
"929","09/10/2024 09:00:00",0,"Harelaw"
"930","10/10/2024 09:00:00",0,"Harelaw"
"931","11/10/2024 09:00:00",0.4,"Harelaw"
"932","12/10/2024 09:00:00",3.2,"Harelaw"
"933","13/10/2024 09:00:00",0,"Harelaw"
"934","14/10/2024 09:00:00",0,"Harelaw"
"935","15/10/2024 09:00:00",0.8,"Harelaw"
"936","16/10/2024 09:00:00",21,"Harelaw"
"937","17/10/2024 09:00:00",0.4,"Harelaw"
"938","18/10/2024 09:00:00",2,"Harelaw"
"939","19/10/2024 09:00:00",1.4,"Harelaw"
"940","20/10/2024 09:00:00",4.2,"Harelaw"
"941","21/10/2024 09:00:00",1.4,"Harelaw"
"942","22/10/2024 09:00:00",0,"Harelaw"
"943","23/10/2024 09:00:00",0,"Harelaw"
"944","24/10/2024 09:00:00",0,"Harelaw"
"945","25/10/2024 09:00:00",0,"Harelaw"
"946","26/10/2024 09:00:00",1.6,"Harelaw"
"947","27/10/2024 09:00:00",2.6,"Harelaw"
"948","28/10/2024 09:00:00",0,"Harelaw"
"949","29/10/2024 09:00:00",0,"Harelaw"
"950","30/10/2024 09:00:00",0,"Harelaw"
"951","31/10/2024 09:00:00",0,"Harelaw"
"952","01/11/2024 09:00:00",1.8,"Harelaw"
"953","02/11/2024 09:00:00",0,"Harelaw"
"954","03/11/2024 09:00:00",0,"Harelaw"
"955","04/11/2024 09:00:00",0,"Harelaw"
"956","05/11/2024 09:00:00",0,"Harelaw"
"957","06/11/2024 09:00:00",0,"Harelaw"
"958","07/11/2024 09:00:00",0,"Harelaw"
"959","08/11/2024 09:00:00",0,"Harelaw"
"960","09/11/2024 09:00:00",0,"Harelaw"
"961","10/11/2024 09:00:00",0,"Harelaw"
"962","11/11/2024 09:00:00",0,"Harelaw"
"963","12/11/2024 09:00:00",0,"Harelaw"
"964","13/11/2024 09:00:00",0.2,"Harelaw"
"965","14/11/2024 09:00:00",0,"Harelaw"
"966","15/11/2024 09:00:00",0,"Harelaw"
"967","16/11/2024 09:00:00",0,"Harelaw"
"968","17/11/2024 09:00:00",0,"Harelaw"
"969","18/11/2024 09:00:00",0,"Harelaw"
"970","19/11/2024 09:00:00",0,"Harelaw"
"971","20/11/2024 09:00:00",0,"Harelaw"
"972","21/11/2024 09:00:00",0,"Harelaw"
"973","22/11/2024 09:00:00",3,"Harelaw"
"974","23/11/2024 09:00:00",16.4,"Harelaw"
"975","24/11/2024 09:00:00",1.2,"Harelaw"
"976","25/11/2024 09:00:00",0.2,"Harelaw"
"977","26/11/2024 09:00:00",0.8,"Harelaw"
"978","27/11/2024 09:00:00",0,"Harelaw"
"979","28/11/2024 09:00:00",1,"Harelaw"
"980","29/11/2024 09:00:00",0.2,"Harelaw"
"981","30/11/2024 09:00:00",0.8,"Harelaw"
"982","01/12/2024 09:00:00",2.8,"Harelaw"
"983","02/12/2024 09:00:00",0,"Harelaw"
"984","03/12/2024 09:00:00",3,"Harelaw"
"985","04/12/2024 09:00:00",2.8,"Harelaw"
"986","05/12/2024 09:00:00",0,"Harelaw"
"987","06/12/2024 09:00:00",18.6,"Harelaw"
"988","07/12/2024 09:00:00",3.6,"Harelaw"
"989","08/12/2024 09:00:00",0,"Harelaw"
"990","09/12/2024 09:00:00",0,"Harelaw"
"991","10/12/2024 09:00:00",0,"Harelaw"
"992","11/12/2024 09:00:00",0,"Harelaw"
"993","12/12/2024 09:00:00",0,"Harelaw"
"994","13/12/2024 09:00:00",0,"Harelaw"
"995","14/12/2024 09:00:00",0.2,"Harelaw"
"996","15/12/2024 09:00:00",0,"Harelaw"
"997","16/12/2024 09:00:00",0,"Harelaw"
"998","17/12/2024 09:00:00",1,"Harelaw"
"999","18/12/2024 09:00:00",0,"Harelaw"
"1000","19/12/2024 09:00:00",0,"Harelaw"
"1001","20/12/2024 09:00:00",0.8,"Harelaw"
"1002","21/12/2024 09:00:00",3,"Harelaw"
"1003","22/12/2024 09:00:00",0,"Harelaw"
"1004","23/12/2024 09:00:00",0,"Harelaw"
"1005","24/12/2024 09:00:00",0,"Harelaw"
"1006","25/12/2024 09:00:00",0,"Harelaw"
"1007","26/12/2024 09:00:00",0,"Harelaw"
"1008","27/12/2024 09:00:00",0,"Harelaw"
"1009","28/12/2024 09:00:00",0.2,"Harelaw"
"1010","29/12/2024 09:00:00",0,"Harelaw"
"1011","30/12/2024 09:00:00",13.2,"Harelaw"
"1012","31/12/2024 09:00:00",8.8,"Harelaw"
"1013","01/01/2025 09:00:00",14.8,"Harelaw"
"1014","02/01/2025 09:00:00",0,"Harelaw"
"1015","03/01/2025 09:00:00",0,"Harelaw"
"1016","04/01/2025 09:00:00",0.2,"Harelaw"
"1017","05/01/2025 09:00:00",15.6,"Harelaw"
"1018","06/01/2025 09:00:00",0,"Harelaw"
"1019","07/01/2025 09:00:00",0,"Harelaw"
"1020","08/01/2025 09:00:00",0,"Harelaw"
"1021","09/01/2025 09:00:00",0,"Harelaw"
"1022","10/01/2025 09:00:00",0,"Harelaw"
"1023","11/01/2025 09:00:00",0.2,"Harelaw"
"1024","12/01/2025 09:00:00",0,"Harelaw"
"1025","13/01/2025 09:00:00",0.6,"Harelaw"
"1026","14/01/2025 09:00:00",0,"Harelaw"
"1027","15/01/2025 09:00:00",0,"Harelaw"
"1028","16/01/2025 09:00:00",0,"Harelaw"
"1029","17/01/2025 09:00:00",0,"Harelaw"
"1030","18/01/2025 09:00:00",0,"Harelaw"
"1031","19/01/2025 09:00:00",0,"Harelaw"
"1032","20/01/2025 09:00:00",0,"Harelaw"
"1033","21/01/2025 09:00:00",0,"Harelaw"
"1034","22/01/2025 09:00:00",0.2,"Harelaw"
"1035","23/01/2025 09:00:00",1.6,"Harelaw"
"1036","24/01/2025 09:00:00",6.4,"Harelaw"
"1037","25/01/2025 09:00:00",2.8,"Harelaw"
"1038","26/01/2025 09:00:00",4.2,"Harelaw"
"1039","27/01/2025 09:00:00",6.8,"Harelaw"
"1040","28/01/2025 09:00:00",0,"Harelaw"
"1041","29/01/2025 09:00:00",0.2,"Harelaw"
"1042","30/01/2025 09:00:00",0.2,"Harelaw"
"1043","31/01/2025 09:00:00",0,"Harelaw"
"1044","01/02/2025 09:00:00",3.6,"Harelaw"
"1045","02/02/2025 09:00:00",0,"Harelaw"
"1046","03/02/2025 09:00:00",0.8,"Harelaw"
"1047","04/02/2025 09:00:00",3,"Harelaw"
"1048","05/02/2025 09:00:00",0,"Harelaw"
"1049","06/02/2025 09:00:00",0,"Harelaw"
"1050","07/02/2025 09:00:00",0.8,"Harelaw"
"1051","08/02/2025 09:00:00",0.6,"Harelaw"
"1052","09/02/2025 09:00:00",1,"Harelaw"
"1053","10/02/2025 09:00:00",3.6,"Harelaw"
"1054","11/02/2025 09:00:00",0.4,"Harelaw"
"1055","12/02/2025 09:00:00",0,"Harelaw"
"1056","13/02/2025 09:00:00",0,"Harelaw"
"1057","14/02/2025 09:00:00",0.2,"Harelaw"
"1058","15/02/2025 09:00:00",0.2,"Harelaw"
"1059","16/02/2025 09:00:00",0,"Harelaw"
"1060","17/02/2025 09:00:00",0.4,"Harelaw"
"1061","18/02/2025 09:00:00",0,"Harelaw"
"1062","19/02/2025 09:00:00",3.8,"Harelaw"
"1063","20/02/2025 09:00:00",2.2,"Harelaw"
"1064","21/02/2025 09:00:00",0.8,"Harelaw"
"1065","22/02/2025 09:00:00",0,"Harelaw"
"1066","23/02/2025 09:00:00",0.4,"Harelaw"
"1067","24/02/2025 09:00:00",1.6,"Harelaw"
"1068","25/02/2025 09:00:00",1,"Harelaw"
"1069","26/02/2025 09:00:00",1,"Harelaw"
"1070","27/02/2025 09:00:00",0.2,"Harelaw"
"1071","28/02/2025 09:00:00",0,"Harelaw"
"1072","01/03/2025 09:00:00",0,"Harelaw"
"1073","02/03/2025 09:00:00",0,"Harelaw"
"1074","03/03/2025 09:00:00",0,"Harelaw"
"1075","04/03/2025 09:00:00",0,"Harelaw"
"1076","05/03/2025 09:00:00",0.2,"Harelaw"
"1077","06/03/2025 09:00:00",0,"Harelaw"
"1078","07/03/2025 09:00:00",0,"Harelaw"
"1079","08/03/2025 09:00:00",0.2,"Harelaw"
"1080","09/03/2025 09:00:00",0.2,"Harelaw"
"1081","10/03/2025 09:00:00",0,"Harelaw"
"1082","11/03/2025 09:00:00",0,"Harelaw"
"1083","12/03/2025 09:00:00",0,"Harelaw"
"1084","13/03/2025 09:00:00",0.4,"Harelaw"
"1085","14/03/2025 09:00:00",0,"Harelaw"
"1086","15/03/2025 09:00:00",0,"Harelaw"
"1087","16/03/2025 09:00:00",0.6,"Harelaw"
"1088","17/03/2025 09:00:00",0,"Harelaw"
"1089","18/03/2025 09:00:00",0,"Harelaw"
"1090","19/03/2025 09:00:00",0,"Harelaw"
"1091","20/03/2025 09:00:00",0.2,"Harelaw"
"1092","21/03/2025 09:00:00",0.8,"Harelaw"
"1093","23/03/2024 09:00:00",0,"Murray"
"1094","24/03/2024 09:00:00",0,"Murray"
"1095","25/03/2024 09:00:00",16.2,"Murray"
"1096","26/03/2024 09:00:00",12.4,"Murray"
"1097","27/03/2024 09:00:00",14.4,"Murray"
"1098","28/03/2024 09:00:00",13.8,"Murray"
"1099","29/03/2024 09:00:00",0.6,"Murray"
"1100","30/03/2024 09:00:00",0,"Murray"
"1101","31/03/2024 09:00:00",0,"Murray"
"1102","01/04/2024 09:00:00",21.4,"Murray"
"1103","02/04/2024 09:00:00",6,"Murray"
"1104","03/04/2024 09:00:00",26.6,"Murray"
"1105","04/04/2024 09:00:00",23.8,"Murray"
"1106","05/04/2024 09:00:00",13.2,"Murray"
"1107","06/04/2024 09:00:00",1,"Murray"
"1108","07/04/2024 09:00:00",0,"Murray"
"1109","08/04/2024 09:00:00",13.8,"Murray"
"1110","09/04/2024 09:00:00",1.4,"Murray"
"1111","10/04/2024 09:00:00",3.2,"Murray"
"1112","11/04/2024 09:00:00",2.4,"Murray"
"1113","12/04/2024 09:00:00",4.4,"Murray"
"1114","13/04/2024 09:00:00",3,"Murray"
"1115","14/04/2024 09:00:00",3.8,"Murray"
"1116","15/04/2024 09:00:00",0,"Murray"
"1117","16/04/2024 09:00:00",0.4,"Murray"
"1118","17/04/2024 09:00:00",0.2,"Murray"
"1119","18/04/2024 09:00:00",0.2,"Murray"
"1120","19/04/2024 09:00:00",0,"Murray"
"1121","20/04/2024 09:00:00",0,"Murray"
"1122","21/04/2024 09:00:00",1.4,"Murray"
"1123","22/04/2024 09:00:00",0,"Murray"
"1124","23/04/2024 09:00:00",0,"Murray"
"1125","24/04/2024 09:00:00",0,"Murray"
"1126","25/04/2024 09:00:00",0,"Murray"
"1127","26/04/2024 09:00:00",0,"Murray"
"1128","27/04/2024 09:00:00",0.6,"Murray"
"1129","28/04/2024 09:00:00",0,"Murray"
"1130","29/04/2024 09:00:00",0.2,"Murray"
"1131","30/04/2024 09:00:00",0.2,"Murray"
"1132","01/05/2024 09:00:00",0,"Murray"
"1133","02/05/2024 09:00:00",0,"Murray"
"1134","03/05/2024 09:00:00",2.8,"Murray"
"1135","04/05/2024 09:00:00",2,"Murray"
"1136","05/05/2024 09:00:00",8.8,"Murray"
"1137","06/05/2024 09:00:00",5.2,"Murray"
"1138","07/05/2024 09:00:00",0.2,"Murray"
"1139","08/05/2024 09:00:00",0.4,"Murray"
"1140","09/05/2024 09:00:00",0,"Murray"
"1141","10/05/2024 09:00:00",0,"Murray"
"1142","11/05/2024 09:00:00",0,"Murray"
"1143","12/05/2024 09:00:00",2.4,"Murray"
"1144","13/05/2024 09:00:00",0.4,"Murray"
"1145","14/05/2024 09:00:00",0.6,"Murray"
"1146","15/05/2024 09:00:00",0.2,"Murray"
"1147","16/05/2024 09:00:00",0,"Murray"
"1148","17/05/2024 09:00:00",0,"Murray"
"1149","18/05/2024 09:00:00",0,"Murray"
"1150","19/05/2024 09:00:00",0,"Murray"
"1151","20/05/2024 09:00:00",0,"Murray"
"1152","21/05/2024 09:00:00",1,"Murray"
"1153","22/05/2024 09:00:00",50,"Murray"
"1154","23/05/2024 09:00:00",60.4,"Murray"
"1155","24/05/2024 09:00:00",7.8,"Murray"
"1156","25/05/2024 09:00:00",11,"Murray"
"1157","26/05/2024 09:00:00",11.6,"Murray"
"1158","27/05/2024 09:00:00",0.8,"Murray"
"1159","28/05/2024 09:00:00",10.8,"Murray"
"1160","29/05/2024 09:00:00",21.2,"Murray"
"1161","30/05/2024 09:00:00",0,"Murray"
"1162","31/05/2024 09:00:00",0,"Murray"
"1163","01/06/2024 09:00:00",0,"Murray"
"1164","02/06/2024 09:00:00",0.4,"Murray"
"1165","03/06/2024 09:00:00",0.4,"Murray"
"1166","04/06/2024 09:00:00",0,"Murray"
"1167","05/06/2024 09:00:00",0.4,"Murray"
"1168","06/06/2024 09:00:00",0.4,"Murray"
"1169","07/06/2024 09:00:00",0.2,"Murray"
"1170","08/06/2024 09:00:00",0,"Murray"
"1171","09/06/2024 09:00:00",0,"Murray"
"1172","10/06/2024 09:00:00",2.2,"Murray"
"1173","11/06/2024 09:00:00",0,"Murray"
"1174","12/06/2024 09:00:00",0,"Murray"
"1175","13/06/2024 09:00:00",5.4,"Murray"
"1176","14/06/2024 09:00:00",10.8,"Murray"
"1177","15/06/2024 09:00:00",0.6,"Murray"
"1178","16/06/2024 09:00:00",3.4,"Murray"
"1179","17/06/2024 09:00:00",0.4,"Murray"
"1180","18/06/2024 09:00:00",1.4,"Murray"
"1181","19/06/2024 09:00:00",0,"Murray"
"1182","20/06/2024 09:00:00",0,"Murray"
"1183","21/06/2024 09:00:00",2,"Murray"
"1184","22/06/2024 09:00:00",0,"Murray"
"1185","23/06/2024 09:00:00",0,"Murray"
"1186","24/06/2024 09:00:00",0,"Murray"
"1187","25/06/2024 09:00:00",3.2,"Murray"
"1188","26/06/2024 09:00:00",0.2,"Murray"
"1189","27/06/2024 09:00:00",0.4,"Murray"
"1190","28/06/2024 09:00:00",1.8,"Murray"
"1191","29/06/2024 09:00:00",0,"Murray"
"1192","30/06/2024 09:00:00",0,"Murray"
"1193","01/07/2024 09:00:00",0.9,"Murray"
"1194","02/07/2024 09:00:00",2,"Murray"
"1195","03/07/2024 09:00:00",0.6,"Murray"
"1196","04/07/2024 09:00:00",2,"Murray"
"1197","05/07/2024 09:00:00",0,"Murray"
"1198","06/07/2024 09:00:00",3.4,"Murray"
"1199","07/07/2024 09:00:00",0,"Murray"
"1200","08/07/2024 09:00:00",0,"Murray"
"1201","09/07/2024 09:00:00",16,"Murray"
"1202","10/07/2024 09:00:00",0.6,"Murray"
"1203","11/07/2024 09:00:00",0.2,"Murray"
"1204","12/07/2024 09:00:00",0.4,"Murray"
"1205","13/07/2024 09:00:00",4.8,"Murray"
"1206","14/07/2024 09:00:00",0,"Murray"
"1207","15/07/2024 09:00:00",5.8,"Murray"
"1208","16/07/2024 09:00:00",0,"Murray"
"1209","17/07/2024 09:00:00",0.6,"Murray"
"1210","18/07/2024 09:00:00",0,"Murray"
"1211","19/07/2024 09:00:00",0,"Murray"
"1212","20/07/2024 09:00:00",9.8,"Murray"
"1213","21/07/2024 09:00:00",0.6,"Murray"
"1214","22/07/2024 09:00:00",0.8,"Murray"
"1215","23/07/2024 09:00:00",0,"Murray"
"1216","24/07/2024 09:00:00",0.4,"Murray"
"1217","25/07/2024 09:00:00",11.2,"Murray"
"1218","26/07/2024 09:00:00",0,"Murray"
"1219","27/07/2024 09:00:00",0,"Murray"
"1220","28/07/2024 09:00:00",0,"Murray"
"1221","29/07/2024 09:00:00",0,"Murray"
"1222","30/07/2024 09:00:00",0,"Murray"
"1223","31/07/2024 09:00:00",0.4,"Murray"
"1224","01/08/2024 09:00:00",0,"Murray"
"1225","02/08/2024 09:00:00",0.4,"Murray"
"1226","03/08/2024 09:00:00",0.2,"Murray"
"1227","04/08/2024 09:00:00",5.2,"Murray"
"1228","05/08/2024 09:00:00",2,"Murray"
"1229","06/08/2024 09:00:00",0,"Murray"
"1230","07/08/2024 09:00:00",0.2,"Murray"
"1231","08/08/2024 09:00:00",7,"Murray"
"1232","09/08/2024 09:00:00",1.4,"Murray"
"1233","10/08/2024 09:00:00",0,"Murray"
"1234","11/08/2024 09:00:00",2.2,"Murray"
"1235","12/08/2024 09:00:00",0,"Murray"
"1236","13/08/2024 09:00:00",0,"Murray"
"1237","14/08/2024 09:00:00",4,"Murray"
"1238","15/08/2024 09:00:00",2.8,"Murray"
"1239","16/08/2024 09:00:00",0.2,"Murray"
"1240","17/08/2024 09:00:00",0.2,"Murray"
"1241","18/08/2024 09:00:00",0,"Murray"
"1242","19/08/2024 09:00:00",2.2,"Murray"
"1243","20/08/2024 09:00:00",0.8,"Murray"
"1244","21/08/2024 09:00:00",3.4,"Murray"
"1245","22/08/2024 09:00:00",15.4,"Murray"
"1246","23/08/2024 09:00:00",2.2,"Murray"
"1247","24/08/2024 09:00:00",0.2,"Murray"
"1248","25/08/2024 09:00:00",4.2,"Murray"
"1249","26/08/2024 09:00:00",4.4,"Murray"
"1250","27/08/2024 09:00:00",1,"Murray"
"1251","28/08/2024 09:00:00",1.4,"Murray"
"1252","29/08/2024 09:00:00",0.4,"Murray"
"1253","30/08/2024 09:00:00",0,"Murray"
"1254","31/08/2024 09:00:00",0,"Murray"
"1255","01/09/2024 09:00:00",12.6,"Murray"
"1256","02/09/2024 09:00:00",9.4,"Murray"
"1257","03/09/2024 09:00:00",0,"Murray"
"1258","04/09/2024 09:00:00",0.4,"Murray"
"1259","05/09/2024 09:00:00",2.6,"Murray"
"1260","06/09/2024 09:00:00",1.6,"Murray"
"1261","07/09/2024 09:00:00",0.2,"Murray"
"1262","08/09/2024 09:00:00",4.8,"Murray"
"1263","09/09/2024 09:00:00",5.2,"Murray"
"1264","10/09/2024 09:00:00",0,"Murray"
"1265","11/09/2024 09:00:00",0.4,"Murray"
"1266","12/09/2024 09:00:00",0,"Murray"
"1267","13/09/2024 09:00:00",0.2,"Murray"
"1268","14/09/2024 09:00:00",0.6,"Murray"
"1269","15/09/2024 09:00:00",0,"Murray"
"1270","16/09/2024 09:00:00",0,"Murray"
"1271","17/09/2024 09:00:00",0.4,"Murray"
"1272","18/09/2024 09:00:00",0,"Murray"
"1273","19/09/2024 09:00:00",0.2,"Murray"
"1274","20/09/2024 09:00:00",1.2,"Murray"
"1275","21/09/2024 09:00:00",0.2,"Murray"
"1276","22/09/2024 09:00:00",0,"Murray"
"1277","23/09/2024 09:00:00",1.6,"Murray"
"1278","24/09/2024 09:00:00",0.8,"Murray"
"1279","25/09/2024 09:00:00",18.8,"Murray"
"1280","26/09/2024 09:00:00",0.2,"Murray"
"1281","27/09/2024 09:00:00",0,"Murray"
"1282","28/09/2024 09:00:00",0.4,"Murray"
"1283","29/09/2024 09:00:00",0.2,"Murray"
"1284","30/09/2024 09:00:00",2.2,"Murray"
"1285","01/10/2024 09:00:00",0.2,"Murray"
"1286","02/10/2024 09:00:00",0,"Murray"
"1287","03/10/2024 09:00:00",0,"Murray"
"1288","04/10/2024 09:00:00",0.4,"Murray"
"1289","05/10/2024 09:00:00",0.2,"Murray"
"1290","06/10/2024 09:00:00",11.8,"Murray"
"1291","07/10/2024 09:00:00",3.8,"Murray"
"1292","08/10/2024 09:00:00",12.8,"Murray"
"1293","09/10/2024 09:00:00",0,"Murray"
"1294","10/10/2024 09:00:00",0,"Murray"
"1295","11/10/2024 09:00:00",1.6,"Murray"
"1296","12/10/2024 09:00:00",4.8,"Murray"
"1297","13/10/2024 09:00:00",0,"Murray"
"1298","14/10/2024 09:00:00",0,"Murray"
"1299","15/10/2024 09:00:00",2.4,"Murray"
"1300","16/10/2024 09:00:00",11.4,"Murray"
"1301","17/10/2024 09:00:00",0.6,"Murray"
"1302","18/10/2024 09:00:00",2.2,"Murray"
"1303","19/10/2024 09:00:00",3,"Murray"
"1304","20/10/2024 09:00:00",6.8,"Murray"
"1305","21/10/2024 09:00:00",3.2,"Murray"
"1306","22/10/2024 09:00:00",0.4,"Murray"
"1307","23/10/2024 09:00:00",0,"Murray"
"1308","24/10/2024 09:00:00",0,"Murray"
"1309","25/10/2024 09:00:00",0.8,"Murray"
"1310","26/10/2024 09:00:00",2.4,"Murray"
"1311","27/10/2024 09:00:00",2.2,"Murray"
"1312","28/10/2024 09:00:00",0,"Murray"
"1313","29/10/2024 09:00:00",0,"Murray"
"1314","30/10/2024 09:00:00",0,"Murray"
"1315","31/10/2024 09:00:00",0,"Murray"
"1316","01/11/2024 09:00:00",2.2,"Murray"
"1317","02/11/2024 09:00:00",0.2,"Murray"
"1318","03/11/2024 09:00:00",0,"Murray"
"1319","04/11/2024 09:00:00",0,"Murray"
"1320","05/11/2024 09:00:00",0,"Murray"
"1321","06/11/2024 09:00:00",0,"Murray"
"1322","07/11/2024 09:00:00",0,"Murray"
"1323","08/11/2024 09:00:00",0,"Murray"
"1324","09/11/2024 09:00:00",0.6,"Murray"
"1325","10/11/2024 09:00:00",0,"Murray"
"1326","11/11/2024 09:00:00",0,"Murray"
"1327","12/11/2024 09:00:00",0,"Murray"
"1328","13/11/2024 09:00:00",0,"Murray"
"1329","14/11/2024 09:00:00",0,"Murray"
"1330","15/11/2024 09:00:00",0,"Murray"
"1331","16/11/2024 09:00:00",0,"Murray"
"1332","17/11/2024 09:00:00",0.2,"Murray"
"1333","18/11/2024 09:00:00",0,"Murray"
"1334","19/11/2024 09:00:00",0,"Murray"
"1335","20/11/2024 09:00:00",0,"Murray"
"1336","21/11/2024 09:00:00",0,"Murray"
"1337","22/11/2024 09:00:00",3,"Murray"
"1338","23/11/2024 09:00:00",17.6,"Murray"
"1339","24/11/2024 09:00:00",0.2,"Murray"
"1340","25/11/2024 09:00:00",0.2,"Murray"
"1341","26/11/2024 09:00:00",2.8,"Murray"
"1342","27/11/2024 09:00:00",0,"Murray"
"1343","28/11/2024 09:00:00",1,"Murray"
"1344","29/11/2024 09:00:00",0,"Murray"
"1345","30/11/2024 09:00:00",1.2,"Murray"
"1346","01/12/2024 09:00:00",5,"Murray"
"1347","02/12/2024 09:00:00",0,"Murray"
"1348","03/12/2024 09:00:00",3.4,"Murray"
"1349","04/12/2024 09:00:00",4.6,"Murray"
"1350","05/12/2024 09:00:00",0.4,"Murray"
"1351","06/12/2024 09:00:00",20.2,"Murray"
"1352","07/12/2024 09:00:00",3.8,"Murray"
"1353","08/12/2024 09:00:00",0,"Murray"
"1354","09/12/2024 09:00:00",0,"Murray"
"1355","10/12/2024 09:00:00",1.1,"Murray"
"1356","11/12/2024 09:00:00",0,"Murray"
"1357","12/12/2024 09:00:00",0,"Murray"
"1358","13/12/2024 09:00:00",0,"Murray"
"1359","14/12/2024 09:00:00",0,"Murray"
"1360","15/12/2024 09:00:00",0.2,"Murray"
"1361","16/12/2024 09:00:00",0.2,"Murray"
"1362","17/12/2024 09:00:00",2,"Murray"
"1363","18/12/2024 09:00:00",0,"Murray"
"1364","19/12/2024 09:00:00",0,"Murray"
"1365","20/12/2024 09:00:00",1.6,"Murray"
"1366","21/12/2024 09:00:00",3,"Murray"
"1367","22/12/2024 09:00:00",0,"Murray"
"1368","23/12/2024 09:00:00",0,"Murray"
"1369","24/12/2024 09:00:00",0,"Murray"
"1370","25/12/2024 09:00:00",0,"Murray"
"1371","26/12/2024 09:00:00",0.2,"Murray"
"1372","27/12/2024 09:00:00",0,"Murray"
"1373","28/12/2024 09:00:00",0,"Murray"
"1374","29/12/2024 09:00:00",0,"Murray"
"1375","30/12/2024 09:00:00",21.2,"Murray"
"1376","31/12/2024 09:00:00",10.8,"Murray"
"1377","01/01/2025 09:00:00",16,"Murray"
"1378","02/01/2025 09:00:00",0.2,"Murray"
"1379","03/01/2025 09:00:00",0,"Murray"
"1380","04/01/2025 09:00:00",0.4,"Murray"
"1381","05/01/2025 09:00:00",0.2,"Murray"
"1382","06/01/2025 09:00:00",0.2,"Murray"
"1383","07/01/2025 09:00:00",0,"Murray"
"1384","08/01/2025 09:00:00",0,"Murray"
"1385","09/01/2025 09:00:00",0,"Murray"
"1386","10/01/2025 09:00:00",0,"Murray"
"1387","11/01/2025 09:00:00",0,"Murray"
"1388","12/01/2025 09:00:00",0.2,"Murray"
"1389","13/01/2025 09:00:00",0.6,"Murray"
"1390","14/01/2025 09:00:00",0,"Murray"
"1391","15/01/2025 09:00:00",0,"Murray"
"1392","16/01/2025 09:00:00",0,"Murray"
"1393","17/01/2025 09:00:00",0,"Murray"
"1394","18/01/2025 09:00:00",0,"Murray"
"1395","19/01/2025 09:00:00",0,"Murray"
"1396","20/01/2025 09:00:00",0,"Murray"
"1397","21/01/2025 09:00:00",0,"Murray"
"1398","22/01/2025 09:00:00",0,"Murray"
"1399","23/01/2025 09:00:00",3.4,"Murray"
"1400","24/01/2025 09:00:00",6,"Murray"
"1401","25/01/2025 09:00:00",5.2,"Murray"
"1402","26/01/2025 09:00:00",3,"Murray"
"1403","27/01/2025 09:00:00",5.4,"Murray"
"1404","28/01/2025 09:00:00",0,"Murray"
"1405","29/01/2025 09:00:00",0,"Murray"
"1406","30/01/2025 09:00:00",0,"Murray"
"1407","31/01/2025 09:00:00",0,"Murray"
"1408","01/02/2025 09:00:00",2.6,"Murray"
"1409","02/02/2025 09:00:00",0,"Murray"
"1410","03/02/2025 09:00:00",2.4,"Murray"
"1411","04/02/2025 09:00:00",5.2,"Murray"
"1412","05/02/2025 09:00:00",0.4,"Murray"
"1413","06/02/2025 09:00:00",0,"Murray"
"1414","07/02/2025 09:00:00",0.4,"Murray"
"1415","08/02/2025 09:00:00",1.6,"Murray"
"1416","09/02/2025 09:00:00",1.4,"Murray"
"1417","10/02/2025 09:00:00",4.8,"Murray"
"1418","11/02/2025 09:00:00",0.6,"Murray"
"1419","12/02/2025 09:00:00",0,"Murray"
"1420","13/02/2025 09:00:00",0,"Murray"
"1421","14/02/2025 09:00:00",0.6,"Murray"
"1422","15/02/2025 09:00:00",0.6,"Murray"
"1423","16/02/2025 09:00:00",0,"Murray"
"1424","17/02/2025 09:00:00",0.2,"Murray"
"1425","18/02/2025 09:00:00",0,"Murray"
"1426","19/02/2025 09:00:00",2.6,"Murray"
"1427","20/02/2025 09:00:00",4.4,"Murray"
"1428","21/02/2025 09:00:00",2.8,"Murray"
"1429","22/02/2025 09:00:00",1,"Murray"
"1430","23/02/2025 09:00:00",2.2,"Murray"
"1431","24/02/2025 09:00:00",4,"Murray"
"1432","25/02/2025 09:00:00",0.6,"Murray"
"1433","26/02/2025 09:00:00",0.2,"Murray"
"1434","27/02/2025 09:00:00",0,"Murray"
"1435","28/02/2025 09:00:00",0.2,"Murray"
"1436","01/03/2025 09:00:00",0,"Murray"
"1437","02/03/2025 09:00:00",0,"Murray"
"1438","03/03/2025 09:00:00",0,"Murray"
"1439","04/03/2025 09:00:00",0.4,"Murray"
"1440","05/03/2025 09:00:00",0.2,"Murray"
"1441","06/03/2025 09:00:00",0,"Murray"
"1442","07/03/2025 09:00:00",0,"Murray"
"1443","08/03/2025 09:00:00",0,"Murray"
"1444","09/03/2025 09:00:00",0,"Murray"
"1445","10/03/2025 09:00:00",0.2,"Murray"
"1446","11/03/2025 09:00:00",0,"Murray"
"1447","12/03/2025 09:00:00",0,"Murray"
"1448","13/03/2025 09:00:00",0.4,"Murray"
"1449","14/03/2025 09:00:00",0,"Murray"
"1450","15/03/2025 09:00:00",0,"Murray"
"1451","16/03/2025 09:00:00",0,"Murray"
"1452","17/03/2025 09:00:00",0,"Murray"
"1453","18/03/2025 09:00:00",0,"Murray"
"1454","19/03/2025 09:00:00",0,"Murray"
"1455","20/03/2025 09:00:00",0,"Murray"
"1456","21/03/2025 09:00:00",0.4,"Murray"
"1457","23/03/2024 09:00:00",0.2,"RBGE"
"1458","24/03/2024 09:00:00",0,"RBGE"
"1459","25/03/2024 09:00:00",8.8,"RBGE"
"1460","26/03/2024 09:00:00",7.6,"RBGE"
"1461","27/03/2024 09:00:00",7.8,"RBGE"
"1462","28/03/2024 09:00:00",12,"RBGE"
"1463","29/03/2024 09:00:00",0.8,"RBGE"
"1464","30/03/2024 09:00:00",0.2,"RBGE"
"1465","31/03/2024 09:00:00",0,"RBGE"
"1466","01/04/2024 09:00:00",8,"RBGE"
"1467","02/04/2024 09:00:00",3.2,"RBGE"
"1468","03/04/2024 09:00:00",12.2,"RBGE"
"1469","04/04/2024 09:00:00",18,"RBGE"
"1470","05/04/2024 09:00:00",7.6,"RBGE"
"1471","06/04/2024 09:00:00",0.2,"RBGE"
"1472","07/04/2024 09:00:00",0,"RBGE"
"1473","08/04/2024 09:00:00",14.8,"RBGE"
"1474","09/04/2024 09:00:00",3.8,"RBGE"
"1475","10/04/2024 09:00:00",1.8,"RBGE"
"1476","11/04/2024 09:00:00",2.4,"RBGE"
"1477","12/04/2024 09:00:00",2,"RBGE"
"1478","13/04/2024 09:00:00",2.2,"RBGE"
"1479","14/04/2024 09:00:00",3.4,"RBGE"
"1480","15/04/2024 09:00:00",0,"RBGE"
"1481","16/04/2024 09:00:00",0,"RBGE"
"1482","17/04/2024 09:00:00",0,"RBGE"
"1483","18/04/2024 09:00:00",2.2,"RBGE"
"1484","19/04/2024 09:00:00",0,"RBGE"
"1485","20/04/2024 09:00:00",0,"RBGE"
"1486","21/04/2024 09:00:00",0.4,"RBGE"
"1487","22/04/2024 09:00:00",0,"RBGE"
"1488","23/04/2024 09:00:00",0,"RBGE"
"1489","24/04/2024 09:00:00",0,"RBGE"
"1490","25/04/2024 09:00:00",0,"RBGE"
"1491","26/04/2024 09:00:00",0,"RBGE"
"1492","27/04/2024 09:00:00",0.6,"RBGE"
"1493","28/04/2024 09:00:00",0,"RBGE"
"1494","29/04/2024 09:00:00",0,"RBGE"
"1495","30/04/2024 09:00:00",0,"RBGE"
"1496","01/05/2024 09:00:00",0,"RBGE"
"1497","02/05/2024 09:00:00",0,"RBGE"
"1498","03/05/2024 09:00:00",0.8,"RBGE"
"1499","04/05/2024 09:00:00",1.2,"RBGE"
"1500","05/05/2024 09:00:00",8,"RBGE"
"1501","06/05/2024 09:00:00",1.2,"RBGE"
"1502","07/05/2024 09:00:00",0,"RBGE"
"1503","08/05/2024 09:00:00",0.4,"RBGE"
"1504","09/05/2024 09:00:00",0,"RBGE"
"1505","10/05/2024 09:00:00",0,"RBGE"
"1506","11/05/2024 09:00:00",0,"RBGE"
"1507","12/05/2024 09:00:00",2.2,"RBGE"
"1508","13/05/2024 09:00:00",0,"RBGE"
"1509","14/05/2024 09:00:00",0.6,"RBGE"
"1510","15/05/2024 09:00:00",0,"RBGE"
"1511","16/05/2024 09:00:00",0,"RBGE"
"1512","17/05/2024 09:00:00",0,"RBGE"
"1513","18/05/2024 09:00:00",0,"RBGE"
"1514","19/05/2024 09:00:00",0,"RBGE"
"1515","20/05/2024 09:00:00",0,"RBGE"
"1516","21/05/2024 09:00:00",0.2,"RBGE"
"1517","22/05/2024 09:00:00",22.6,"RBGE"
"1518","23/05/2024 09:00:00",52.6,"RBGE"
"1519","24/05/2024 09:00:00",3.4,"RBGE"
"1520","25/05/2024 09:00:00",6.8,"RBGE"
"1521","26/05/2024 09:00:00",9.8,"RBGE"
"1522","27/05/2024 09:00:00",9.6,"RBGE"
"1523","28/05/2024 09:00:00",8.4,"RBGE"
"1524","29/05/2024 09:00:00",25.2,"RBGE"
"1525","30/05/2024 09:00:00",0,"RBGE"
"1526","31/05/2024 09:00:00",0,"RBGE"
"1527","01/06/2024 09:00:00",0,"RBGE"
"1528","02/06/2024 09:00:00",0.2,"RBGE"
"1529","03/06/2024 09:00:00",0.4,"RBGE"
"1530","04/06/2024 09:00:00",0,"RBGE"
"1531","05/06/2024 09:00:00",2.8,"RBGE"
"1532","06/06/2024 09:00:00",0.4,"RBGE"
"1533","07/06/2024 09:00:00",0,"RBGE"
"1534","08/06/2024 09:00:00",0,"RBGE"
"1535","09/06/2024 09:00:00",0.2,"RBGE"
"1536","10/06/2024 09:00:00",0.2,"RBGE"
"1537","11/06/2024 09:00:00",0,"RBGE"
"1538","12/06/2024 09:00:00",0,"RBGE"
"1539","13/06/2024 09:00:00",11.2,"RBGE"
"1540","14/06/2024 09:00:00",16.8,"RBGE"
"1541","15/06/2024 09:00:00",0,"RBGE"
"1542","16/06/2024 09:00:00",1.8,"RBGE"
"1543","17/06/2024 09:00:00",11,"RBGE"
"1544","18/06/2024 09:00:00",1.4,"RBGE"
"1545","19/06/2024 09:00:00",0,"RBGE"
"1546","20/06/2024 09:00:00",0,"RBGE"
"1547","21/06/2024 09:00:00",0.6,"RBGE"
"1548","22/06/2024 09:00:00",0,"RBGE"
"1549","23/06/2024 09:00:00",0,"RBGE"
"1550","24/06/2024 09:00:00",0,"RBGE"
"1551","25/06/2024 09:00:00",5,"RBGE"
"1552","26/06/2024 09:00:00",0,"RBGE"
"1553","27/06/2024 09:00:00",0,"RBGE"
"1554","28/06/2024 09:00:00",0.6,"RBGE"
"1555","29/06/2024 09:00:00",0,"RBGE"
"1556","30/06/2024 09:00:00",0.2,"RBGE"
"1557","01/07/2024 09:00:00",0.8,"RBGE"
"1558","02/07/2024 09:00:00",1.6,"RBGE"
"1559","03/07/2024 09:00:00",2.2,"RBGE"
"1560","04/07/2024 09:00:00",1,"RBGE"
"1561","05/07/2024 09:00:00",0,"RBGE"
"1562","06/07/2024 09:00:00",5,"RBGE"
"1563","07/07/2024 09:00:00",0.2,"RBGE"
"1564","08/07/2024 09:00:00",0,"RBGE"
"1565","09/07/2024 09:00:00",9.2,"RBGE"
"1566","10/07/2024 09:00:00",0,"RBGE"
"1567","11/07/2024 09:00:00",0,"RBGE"
"1568","12/07/2024 09:00:00",0.4,"RBGE"
"1569","13/07/2024 09:00:00",3.4,"RBGE"
"1570","14/07/2024 09:00:00",0,"RBGE"
"1571","15/07/2024 09:00:00",1.4,"RBGE"
"1572","16/07/2024 09:00:00",0.2,"RBGE"
"1573","17/07/2024 09:00:00",1.4,"RBGE"
"1574","18/07/2024 09:00:00",0,"RBGE"
"1575","19/07/2024 09:00:00",0,"RBGE"
"1576","20/07/2024 09:00:00",9,"RBGE"
"1577","21/07/2024 09:00:00",0.6,"RBGE"
"1578","22/07/2024 09:00:00",0.2,"RBGE"
"1579","23/07/2024 09:00:00",0,"RBGE"
"1580","24/07/2024 09:00:00",0,"RBGE"
"1581","25/07/2024 09:00:00",7.6,"RBGE"
"1582","26/07/2024 09:00:00",0,"RBGE"
"1583","27/07/2024 09:00:00",2.8,"RBGE"
"1584","28/07/2024 09:00:00",0,"RBGE"
"1585","29/07/2024 09:00:00",0,"RBGE"
"1586","30/07/2024 09:00:00",0,"RBGE"
"1587","31/07/2024 09:00:00",0.2,"RBGE"
"1588","01/08/2024 09:00:00",0.2,"RBGE"
"1589","02/08/2024 09:00:00",0,"RBGE"
"1590","03/08/2024 09:00:00",0,"RBGE"
"1591","04/08/2024 09:00:00",7.2,"RBGE"
"1592","05/08/2024 09:00:00",0.8,"RBGE"
"1593","06/08/2024 09:00:00",0,"RBGE"
"1594","07/08/2024 09:00:00",0.2,"RBGE"
"1595","08/08/2024 09:00:00",5.6,"RBGE"
"1596","09/08/2024 09:00:00",0.4,"RBGE"
"1597","10/08/2024 09:00:00",0,"RBGE"
"1598","11/08/2024 09:00:00",1,"RBGE"
"1599","12/08/2024 09:00:00",0,"RBGE"
"1600","13/08/2024 09:00:00",0.6,"RBGE"
"1601","14/08/2024 09:00:00",3.2,"RBGE"
"1602","15/08/2024 09:00:00",4,"RBGE"
"1603","16/08/2024 09:00:00",0.6,"RBGE"
"1604","17/08/2024 09:00:00",0.2,"RBGE"
"1605","18/08/2024 09:00:00",0,"RBGE"
"1606","19/08/2024 09:00:00",3,"RBGE"
"1607","20/08/2024 09:00:00",0.4,"RBGE"
"1608","21/08/2024 09:00:00",2,"RBGE"
"1609","22/08/2024 09:00:00",15.4,"RBGE"
"1610","23/08/2024 09:00:00",1.6,"RBGE"
"1611","24/08/2024 09:00:00",0,"RBGE"
"1612","25/08/2024 09:00:00",1.2,"RBGE"
"1613","26/08/2024 09:00:00",2,"RBGE"
"1614","27/08/2024 09:00:00",1.4,"RBGE"
"1615","28/08/2024 09:00:00",1.4,"RBGE"
"1616","29/08/2024 09:00:00",0.2,"RBGE"
"1617","30/08/2024 09:00:00",0,"RBGE"
"1618","31/08/2024 09:00:00",0,"RBGE"
"1619","01/09/2024 09:00:00",6,"RBGE"
"1620","02/09/2024 09:00:00",2.6,"RBGE"
"1621","03/09/2024 09:00:00",0.8,"RBGE"
"1622","04/09/2024 09:00:00",0,"RBGE"
"1623","05/09/2024 09:00:00",0.6,"RBGE"
"1624","06/09/2024 09:00:00",1.4,"RBGE"
"1625","07/09/2024 09:00:00",0.2,"RBGE"
"1626","08/09/2024 09:00:00",4.6,"RBGE"
"1627","09/09/2024 09:00:00",2.8,"RBGE"
"1628","10/09/2024 09:00:00",0,"RBGE"
"1629","11/09/2024 09:00:00",0.8,"RBGE"
"1630","12/09/2024 09:00:00",0,"RBGE"
"1631","13/09/2024 09:00:00",0.4,"RBGE"
"1632","14/09/2024 09:00:00",0.8,"RBGE"
"1633","15/09/2024 09:00:00",0,"RBGE"
"1634","16/09/2024 09:00:00",0,"RBGE"
"1635","17/09/2024 09:00:00",0,"RBGE"
"1636","18/09/2024 09:00:00",0,"RBGE"
"1637","19/09/2024 09:00:00",0.6,"RBGE"
"1638","20/09/2024 09:00:00",0.6,"RBGE"
"1639","21/09/2024 09:00:00",0,"RBGE"
"1640","22/09/2024 09:00:00",0,"RBGE"
"1641","23/09/2024 09:00:00",1.4,"RBGE"
"1642","24/09/2024 09:00:00",0.6,"RBGE"
"1643","25/09/2024 09:00:00",16,"RBGE"
"1644","26/09/2024 09:00:00",0,"RBGE"
"1645","27/09/2024 09:00:00",0,"RBGE"
"1646","28/09/2024 09:00:00",0,"RBGE"
"1647","29/09/2024 09:00:00",1.2,"RBGE"
"1648","30/09/2024 09:00:00",3.2,"RBGE"
"1649","01/10/2024 09:00:00",0,"RBGE"
"1650","02/10/2024 09:00:00",0,"RBGE"
"1651","03/10/2024 09:00:00",0,"RBGE"
"1652","04/10/2024 09:00:00",0.2,"RBGE"
"1653","05/10/2024 09:00:00",0.2,"RBGE"
"1654","06/10/2024 09:00:00",8.2,"RBGE"
"1655","07/10/2024 09:00:00",0.6,"RBGE"
"1656","08/10/2024 09:00:00",4,"RBGE"
"1657","09/10/2024 09:00:00",0,"RBGE"
"1658","10/10/2024 09:00:00",0,"RBGE"
"1659","11/10/2024 09:00:00",1,"RBGE"
"1660","12/10/2024 09:00:00",8,"RBGE"
"1661","13/10/2024 09:00:00",0,"RBGE"
"1662","14/10/2024 09:00:00",0,"RBGE"
"1663","15/10/2024 09:00:00",2,"RBGE"
"1664","16/10/2024 09:00:00",13.4,"RBGE"
"1665","17/10/2024 09:00:00",1.2,"RBGE"
"1666","18/10/2024 09:00:00",1.6,"RBGE"
"1667","19/10/2024 09:00:00",2,"RBGE"
"1668","20/10/2024 09:00:00",4.8,"RBGE"
"1669","21/10/2024 09:00:00",0.2,"RBGE"
"1670","22/10/2024 09:00:00",0,"RBGE"
"1671","23/10/2024 09:00:00",0,"RBGE"
"1672","24/10/2024 09:00:00",0,"RBGE"
"1673","25/10/2024 09:00:00",0.6,"RBGE"
"1674","26/10/2024 09:00:00",2.6,"RBGE"
"1675","27/10/2024 09:00:00",3.6,"RBGE"
"1676","28/10/2024 09:00:00",0,"RBGE"
"1677","29/10/2024 09:00:00",0,"RBGE"
"1678","30/10/2024 09:00:00",0,"RBGE"
"1679","31/10/2024 09:00:00",0.2,"RBGE"
"1680","01/11/2024 09:00:00",2.6,"RBGE"
"1681","02/11/2024 09:00:00",0,"RBGE"
"1682","03/11/2024 09:00:00",0,"RBGE"
"1683","04/11/2024 09:00:00",0,"RBGE"
"1684","05/11/2024 09:00:00",0,"RBGE"
"1685","06/11/2024 09:00:00",0,"RBGE"
"1686","07/11/2024 09:00:00",0,"RBGE"
"1687","08/11/2024 09:00:00",0,"RBGE"
"1688","09/11/2024 09:00:00",0,"RBGE"
"1689","10/11/2024 09:00:00",0.2,"RBGE"
"1690","11/11/2024 09:00:00",0,"RBGE"
"1691","12/11/2024 09:00:00",0.2,"RBGE"
"1692","13/11/2024 09:00:00",0,"RBGE"
"1693","14/11/2024 09:00:00",0.2,"RBGE"
"1694","15/11/2024 09:00:00",0,"RBGE"
"1695","16/11/2024 09:00:00",0,"RBGE"
"1696","17/11/2024 09:00:00",0,"RBGE"
"1697","18/11/2024 09:00:00",0,"RBGE"
"1698","19/11/2024 09:00:00",0,"RBGE"
"1699","20/11/2024 09:00:00",0,"RBGE"
"1700","21/11/2024 09:00:00",0,"RBGE"
"1701","22/11/2024 09:00:00",2.4,"RBGE"
"1702","23/11/2024 09:00:00",14.2,"RBGE"
"1703","24/11/2024 09:00:00",0,"RBGE"
"1704","25/11/2024 09:00:00",0,"RBGE"
"1705","26/11/2024 09:00:00",2.6,"RBGE"
"1706","27/11/2024 09:00:00",0,"RBGE"
"1707","28/11/2024 09:00:00",0.8,"RBGE"
"1708","29/11/2024 09:00:00",0,"RBGE"
"1709","30/11/2024 09:00:00",0.6,"RBGE"
"1710","01/12/2024 09:00:00",3.6,"RBGE"
"1711","02/12/2024 09:00:00",0,"RBGE"
"1712","03/12/2024 09:00:00",2.2,"RBGE"
"1713","04/12/2024 09:00:00",3.4,"RBGE"
"1714","05/12/2024 09:00:00",0.4,"RBGE"
"1715","06/12/2024 09:00:00",16.4,"RBGE"
"1716","07/12/2024 09:00:00",2.4,"RBGE"
"1717","08/12/2024 09:00:00",0,"RBGE"
"1718","09/12/2024 09:00:00",0,"RBGE"
"1719","10/12/2024 09:00:00",0,"RBGE"
"1720","11/12/2024 09:00:00",0,"RBGE"
"1721","12/12/2024 09:00:00",0,"RBGE"
"1722","13/12/2024 09:00:00",0,"RBGE"
"1723","14/12/2024 09:00:00",0.2,"RBGE"
"1724","15/12/2024 09:00:00",0.2,"RBGE"
"1725","16/12/2024 09:00:00",0.6,"RBGE"
"1726","17/12/2024 09:00:00",0.8,"RBGE"
"1727","18/12/2024 09:00:00",0,"RBGE"
"1728","19/12/2024 09:00:00",0,"RBGE"
"1729","20/12/2024 09:00:00",0.2,"RBGE"
"1730","21/12/2024 09:00:00",4,"RBGE"
"1731","22/12/2024 09:00:00",0,"RBGE"
"1732","23/12/2024 09:00:00",0.2,"RBGE"
"1733","24/12/2024 09:00:00",0,"RBGE"
"1734","25/12/2024 09:00:00",0,"RBGE"
"1735","26/12/2024 09:00:00",0.2,"RBGE"
"1736","27/12/2024 09:00:00",0,"RBGE"
"1737","28/12/2024 09:00:00",0.6,"RBGE"
"1738","29/12/2024 09:00:00",0,"RBGE"
"1739","30/12/2024 09:00:00",14.6,"RBGE"
"1740","31/12/2024 09:00:00",10.4,"RBGE"
"1741","01/01/2025 09:00:00",10.8,"RBGE"
"1742","02/01/2025 09:00:00",0,"RBGE"
"1743","03/01/2025 09:00:00",0,"RBGE"
"1744","04/01/2025 09:00:00",0.4,"RBGE"
"1745","05/01/2025 09:00:00",15.2,"RBGE"
"1746","06/01/2025 09:00:00",0,"RBGE"
"1747","07/01/2025 09:00:00",0,"RBGE"
"1748","08/01/2025 09:00:00",0,"RBGE"
"1749","09/01/2025 09:00:00",0,"RBGE"
"1750","10/01/2025 09:00:00",0,"RBGE"
"1751","11/01/2025 09:00:00",0.2,"RBGE"
"1752","12/01/2025 09:00:00",0.2,"RBGE"
"1753","13/01/2025 09:00:00",0,"RBGE"
"1754","14/01/2025 09:00:00",0,"RBGE"
"1755","15/01/2025 09:00:00",0,"RBGE"
"1756","16/01/2025 09:00:00",0,"RBGE"
"1757","17/01/2025 09:00:00",0,"RBGE"
"1758","18/01/2025 09:00:00",0,"RBGE"
"1759","19/01/2025 09:00:00",0,"RBGE"
"1760","20/01/2025 09:00:00",0,"RBGE"
"1761","21/01/2025 09:00:00",0,"RBGE"
"1762","22/01/2025 09:00:00",0.2,"RBGE"
"1763","23/01/2025 09:00:00",2.2,"RBGE"
"1764","24/01/2025 09:00:00",7.2,"RBGE"
"1765","25/01/2025 09:00:00",3.8,"RBGE"
"1766","26/01/2025 09:00:00",2.8,"RBGE"
"1767","27/01/2025 09:00:00",4,"RBGE"
"1768","28/01/2025 09:00:00",0,"RBGE"
"1769","29/01/2025 09:00:00",0.2,"RBGE"
"1770","30/01/2025 09:00:00",0,"RBGE"
"1771","31/01/2025 09:00:00",0,"RBGE"
"1772","01/02/2025 09:00:00",4,"RBGE"
"1773","02/02/2025 09:00:00",0,"RBGE"
"1774","03/02/2025 09:00:00",0.8,"RBGE"
"1775","04/02/2025 09:00:00",6.2,"RBGE"
"1776","05/02/2025 09:00:00",0.4,"RBGE"
"1777","06/02/2025 09:00:00",0.2,"RBGE"
"1778","07/02/2025 09:00:00",0.2,"RBGE"
"1779","08/02/2025 09:00:00",0,"RBGE"
"1780","09/02/2025 09:00:00",1.8,"RBGE"
"1781","10/02/2025 09:00:00",2.4,"RBGE"
"1782","11/02/2025 09:00:00",0.6,"RBGE"
"1783","12/02/2025 09:00:00",0,"RBGE"
"1784","13/02/2025 09:00:00",0.2,"RBGE"
"1785","14/02/2025 09:00:00",0.2,"RBGE"
"1786","15/02/2025 09:00:00",0.4,"RBGE"
"1787","16/02/2025 09:00:00",0,"RBGE"
"1788","17/02/2025 09:00:00",0.2,"RBGE"
"1789","18/02/2025 09:00:00",0,"RBGE"
"1790","19/02/2025 09:00:00",2,"RBGE"
"1791","20/02/2025 09:00:00",2.4,"RBGE"
"1792","21/02/2025 09:00:00",1.6,"RBGE"
"1793","22/02/2025 09:00:00",0.6,"RBGE"
"1794","23/02/2025 09:00:00",0.6,"RBGE"
"1795","24/02/2025 09:00:00",4.2,"RBGE"
"1796","25/02/2025 09:00:00",0.6,"RBGE"
"1797","26/02/2025 09:00:00",0.6,"RBGE"
"1798","27/02/2025 09:00:00",0,"RBGE"
"1799","28/02/2025 09:00:00",0,"RBGE"
"1800","01/03/2025 09:00:00",0.2,"RBGE"
"1801","02/03/2025 09:00:00",0,"RBGE"
"1802","03/03/2025 09:00:00",0,"RBGE"
"1803","04/03/2025 09:00:00",0.2,"RBGE"
"1804","05/03/2025 09:00:00",0,"RBGE"
"1805","06/03/2025 09:00:00",0,"RBGE"
"1806","07/03/2025 09:00:00",0,"RBGE"
"1807","08/03/2025 09:00:00",0,"RBGE"
"1808","09/03/2025 09:00:00",0,"RBGE"
"1809","10/03/2025 09:00:00",0,"RBGE"
"1810","11/03/2025 09:00:00",0.2,"RBGE"
"1811","12/03/2025 09:00:00",0,"RBGE"
"1812","13/03/2025 09:00:00",0.4,"RBGE"
"1813","14/03/2025 09:00:00",0,"RBGE"
"1814","15/03/2025 09:00:00",0,"RBGE"
"1815","16/03/2025 09:00:00",0.4,"RBGE"
"1816","17/03/2025 09:00:00",0,"RBGE"
"1817","18/03/2025 09:00:00",0,"RBGE"
"1818","19/03/2025 09:00:00",0,"RBGE"
"1819","20/03/2025 09:00:00",0,"RBGE"
"1820","21/03/2025 09:00:00",0.6,"RBGE"
