station_name,station_latitude,station_longitude,station_no,station_id,itemDate,itemValue,itemValue2,accumRange,ts_id,oldtime,id
Abbey St Bathans,55.85329633,-2.387448356,15018,36870,2025-03-23 07:00:00,4.8,4.8,5,65970010,0,75
Aberlour,57.48021805,-3.205975095,234150,37132,2025-03-23 08:00:00,6.2,6.2,10,66118010,0,206
Affric Lodge,57.26272622,-5.005979754,115301,35596,2025-03-23 08:00:00,2.6,2.6,5,65985010,0,162
Alford,57.24230294,-2.717123004,234170,37182,2025-03-23 08:00:00,7,7,10,66120010,0,51
Allnabad,58.34717676,-4.644621014,234151,37138,2025-01-29 14:00:00,14,14,20,66165010,1,115
Allt Dearg House,57.28490502,-6.187008123,115304,35604,2025-03-23 08:00:00,10,10,10,65987010,0,81
Amlaird,55.66964373,-4.413260863,115500,35724,2025-03-23 08:00:00,3.6,3.6,5,66005010,0,62
Amod Farm,55.35009103,-5.717857841,115501,35728,2024-07-31 10:00:00,0,0,0,66006010,1,224
Annfield,56.06640057,-3.371633207,15198,37068,2025-03-23 08:00:00,15.6,15.6,20,66109010,0,96
Ashgrove,55.66308049,-4.757486092,115506,35732,2025-03-23 08:00:00,6.2,6.2,10,66007010,0,15
Auchdergannach,57.22063972,-3.651932222,491811,38134,2025-03-23 08:00:00,10.1,10.1,20,66230010,0,119
Auchentroig,56.11221933,-4.342412217,15163,37032,2025-03-23 08:00:00,5,5,5,66162010,0,44
Auchinner,56.31678388,-4.112254665,14964,36720,2025-03-23 07:00:00,10.8,10.8,20,66082010,0,160
Auchnafree,56.47302976,-3.904678161,14952,36678,2025-03-23 08:00:00,12.2,12.2,20,66079010,0,217
Avochie,57.50564634,-2.782377895,234161,37164,2025-03-23 07:00:00,5.8,5.8,10,66119010,0,70
Avonbank,55.66347112,-4.051617294,322556,37610,2025-03-23 08:00:00,16.8,16.8,20,66145010,0,43
Ayton Castle,55.84727645,-2.114611023,15132,37004,2025-03-23 07:00:00,6,6,10,66099010,0,164
Badbea,57.86243941,-5.318746664,518147,38286,2025-03-23 08:00:00,10,10,10,66247010,0,117
Baddinsgill Reservoir,55.7838821,-3.394584951,15103,36956,2025-03-23 07:00:00,5.5,5.5,10,66096010,0,211
Baintown Rain-gauge,56.22101614,-3.042679056,501947,38184,2025-03-23 08:00:00,9.6,9.6,10,66237010,0,195
Balfron STW,56.06523441,-4.333343318,517412,38274,2025-03-23 08:00:00,4.2,4.2,5,66246010,0,50
Balgray RG,55.73428872,-4.5878755,490985,38126,2025-03-23 07:00:00,5,5,5,66228010,0,69
Balmedie STW,57.25007263,-2.0473803,115202,35508,2025-03-23 07:00:00,18.4,18.4,20,65972010,0,41
Baluniefield,56.48264025,-2.905576117,374852,38002,2025-03-23 08:00:00,9.6,9.6,10,66215010,0,185
Bannockburn,56.09528478,-3.911816854,14897,36494,2025-03-23 08:00:00,7.6,7.6,10,66059010,0,264
Beltmoss,55.98678855,-4.056528766,327235,37632,2025-03-23 08:00:00,4.6,4.6,5,66149010,0,159
Biggar Burn,55.65035093,-3.543765278,368536,37966,2025-03-23 07:00:00,4.9,4.9,5,66211010,0,19
Birkie Hue,58.16554218,-6.740713858,320371,37590,2025-03-23 08:00:00,16.8,16.8,20,66144010,0,92
Blackdyke Farm,55.52935031,-4.326283061,115516,35744,2025-03-23 08:00:00,2.6,2.6,5,66008010,0,190
Blackhills No 2,57.61017023,-3.222796593,115203,35512,2025-03-23 08:00:00,12,12,20,65973010,0,186
Blythe,55.7374816,-2.662263534,15116,36972,2025-03-23 08:00:00,6.6,6.6,10,66098010,0,86
Boleside,55.59164323,-2.798878774,533744,38340,2025-03-23 07:00:00,5.8,5.8,10,66251010,0,144
Boreland,55.20254702,-3.320073284,115518,35748,2025-03-23 08:00:00,7.6,7.6,10,66009010,0,161
Bow Burn Raingauge,55.44068058,-4.49863386,101227,487758,2025-03-23 07:00:00,3.6,3.6,5,66557010,0,214
Braco (Dunduff),56.28192154,-3.904225732,15161,37028,2025-03-23 08:00:00,11.6,11.6,20,66103010,0,124
Braeroy Lodge,56.98511362,-4.738585589,115315,35612,2025-03-23 08:00:00,2.6,2.6,5,65988010,0,218
Braidlie,55.26142915,-2.824951121,133144,36270,2025-03-23 08:00:00,9.2,9.2,10,66055010,0,100
Brigton,55.03779638,-4.566314357,115521,35752,2025-03-23 08:00:00,6.8,6.8,10,66010010,0,178
Broadside,56.02806207,-3.978158502,335609,37668,2025-03-23 08:00:00,8.8,8.8,10,66157010,0,252
Brockhoperig,55.4061286,-3.211513384,14987,36804,2025-03-23 08:00:00,8.8,8.8,10,66086010,0,55
Burnfoot (Hawknest),55.66513433,-3.895712474,115523,35756,2025-03-23 08:00:00,13.4,13.4,20,66011010,0,158
Bush,55.86190844,-3.206554074,335612,37672,2025-03-23 08:00:00,25.4,25.4,30,66158010,0,270
Cabrach,57.34816,-3.034565786,234176,37200,2025-03-23 07:00:00,5,5,5,66071010,0,109
Cairngorm Raingauge and Snow Scale,57.127702,-3.662955858,523676,38310,2025-03-23 07:00:00,16.1,16.1,20,66248010,0,263
Caldercruix STW,55.88933558,-3.904553259,115526,35760,2025-03-23 08:00:00,6,6,10,66012010,0,24
Cambo Sands,56.3008799,-2.650067453,338380,37784,2025-03-23 08:00:00,7.2,7.2,10,66187010,0,101
Camphill WTW Raingauge,55.75032761,-4.74461262,490984,38122,2025-03-23 08:00:00,5.6,5.6,10,66227010,0,201
Canonbie Raingauge,55.07786221,-2.942088127,306455,37586,2025-03-23 08:00:00,8.4,8.4,10,66143010,0,77
Capenoch Raingauge,55.22666817,-3.816934219,576753,38460,2025-03-23 08:00:00,9.8,9.8,10,66260010,0,276
Carmyllie-Hume Farm,56.57464969,-2.741331877,577951,38464,2025-03-23 08:00:00,10.2,10.2,20,66261010,0,35
Castle Kennedy,54.90675279,-4.944931414,116042,35996,2025-03-23 08:00:00,7,7,10,66065010,0,104
Charr,56.94084906,-2.619402267,234183,37210,2025-03-23 08:00:00,12.4,12.4,20,66121010,0,91
Chesters,55.37862961,-2.589607681,15004,36838,2025-03-18 16:00:00,0.2,0.2,1,66166010,1,48
Cheyne,56.97482596,-2.266470239,335574,37656,2025-03-23 08:00:00,17,17,20,66154010,0,107
Clachan-Seil,56.30375755,-5.601429727,115534,35764,2025-03-23 07:00:00,9,9,10,66013010,0,7
Cleuchhead,56.94774412,-2.388756894,499810,38178,2025-03-23 08:00:00,12.8,12.8,20,66236010,0,168
Cluanie Inn,57.15628843,-5.181590945,336370,37754,2025-03-23 08:00:00,3.4,3.4,5,66183010,0,156
Coignafearn,57.23285188,-4.139289943,115318,35616,2025-03-23 08:00:00,0,0,0,65989010,0,131
Coille Mhorgil,57.0643694,-5.134923813,115319,35620,2025-03-23 08:00:00,6.8,6.8,10,65990010,0,138
Colliston,56.61000991,-2.637841019,14921,36568,2025-03-23 07:00:00,9.2,9.2,10,66074010,0,38
Comer Farm,56.20150723,-4.60131038,552791,487682,2025-03-23 07:00:00,7.4,7.4,10,66558010,0,36
Comiston Rain Gauge,55.91019401,-3.21598827,525510,38320,2025-03-23 08:00:00,10,10,10,66249010,0,242
Corrimony,57.33501743,-4.699729622,115322,35624,2025-03-23 08:00:00,3.6,3.6,5,65991010,0,232
Corsock,55.05876816,-3.945715778,336434,37762,2025-03-23 08:00:00,16.4,16.4,20,66185010,0,228
Coulter Reservoir,55.53306378,-3.52983359,301400,37574,2025-03-23 08:00:00,7.8,7.8,10,66141010,0,262
Craigdarroch,55.196659,-3.981943267,115541,35768,2025-03-23 07:00:00,11.6,11.6,20,66014010,0,240
Craigenlee Croft Raingauge,54.86294592,-5.075279664,513003,38262,2025-03-23 08:00:00,7.4,7.4,10,66244010,0,12
Creed Bridge,58.20454028,-6.424227928,234190,37236,2025-03-23 08:00:00,17.2,17.2,20,66122010,0,230
Crichton,55.84509063,-2.988655721,15224,37112,2025-03-23 08:00:00,4.6,4.6,5,66114010,0,49
Cullen,57.68712295,-2.83323079,234192,37246,2025-03-23 07:00:00,6,6,10,66123010,0,136
Culloden Battlefield,57.47676464,-4.09126842,498341,38166,2025-03-23 08:00:00,7.4,7.4,10,66234010,0,88
Culzean Castle,55.35068095,-4.791520726,115544,35772,2025-03-23 08:00:00,9,9,10,66015010,0,127
Dalbeattie STW,54.92152642,-3.821987578,115546,35776,2025-03-23 08:00:00,9.6,9.6,10,66016010,0,139
Dalblair,55.44485443,-4.151929697,538510,38378,2025-03-23 08:00:00,4.2,4.2,5,66254010,0,198
Daldowie STW,55.83262494,-4.122714806,327232,37624,2025-03-23 08:00:00,5.2,5.2,10,66147010,0,94
Dallachy No 2,57.66404417,-3.071018416,205724,37124,2025-03-23 07:00:00,5.8,5.8,10,66117010,0,27
Dalmarnock STW,55.8374507,-4.216965486,327234,37628,2025-03-23 08:00:00,6.4,6.4,10,66148010,0,114
Dalnamein,56.79925858,-4.053453634,14960,36710,2025-03-23 07:00:00,7.6,7.6,10,66081010,0,143
Dalwhinnie,56.94069555,-4.238639574,302120,37578,2025-03-23 08:00:00,8.6,8.6,10,66142010,0,116
Deanston RG,56.19223931,-4.077181451,341338,37800,2025-03-23 07:00:00,9.6,9.6,10,66191010,0,200
Delnashaugh,57.39970792,-3.357845061,234198,37252,2025-03-23 08:00:00,7.6,7.6,10,66124010,0,197
Derry Lodge,57.02065155,-3.58738853,454765,38026,2025-03-23 07:00:00,3.6,3.6,5,66170010,0,106
Deskry Shiel,57.18037959,-2.983867766,335582,37664,2025-03-23 07:00:00,6,6,10,66156010,0,204
Dingwall,57.59992025,-4.446997097,115329,35632,2025-03-23 07:00:00,1.2,1.2,5,65993010,0,153
Dippen,55.58274848,-5.496523588,133077,36060,2025-03-23 07:00:00,14.6,14.6,20,66051010,0,76
Dipple,57.61125291,-3.115476523,115217,35528,2025-03-23 08:00:00,9.4,9.4,10,65974010,0,2
Dosmucheran,57.59587318,-5.005770119,234202,37262,2025-03-23 07:00:00,6.4,6.4,10,66125010,0,113
Drum,56.18484641,-3.532323684,464646,38058,2025-03-23 08:00:00,24,24,30,66221010,0,266
Drumjohn,55.24992466,-4.32205779,115557,35792,2025-03-23 08:00:00,4.8,4.8,5,66017010,0,78
Drummore of Cantray,57.48325079,-4.006176025,377134,38006,2025-03-23 08:00:00,9.8,9.8,10,66216010,0,42
Dunbar,56.00371307,-2.52752897,15216,37104,2025-03-23 08:00:00,2.2,2.2,5,66164010,0,98
Dundreggan Rain Gauge,57.19161541,-4.767634199,530175,38324,2025-03-23 08:00:00,2.6,2.6,5,66250010,0,9
Dunlop,55.70737993,-4.528674906,115559,35800,2025-03-23 07:00:00,4.4,4.4,5,66018010,0,213
Dunnottar Radio Station,56.94652496,-2.21202446,509196,38236,2025-03-23 07:00:00,18.8,18.8,20,66241010,0,111
Dunnswood STW (Cumbernauld),55.97221885,-3.954505606,15180,37052,2025-03-23 08:00:00,8.6,8.6,10,66106010,0,17
Dunstaffnage,56.45050242,-5.439870612,365257,37906,2025-03-23 07:00:00,6.2,6.2,10,66203010,0,246
Durkadale,59.10852817,-3.232172832,234207,37272,2025-03-23 08:00:00,6.6,6.6,10,66126010,0,79
Earlsburn reservoir RG,56.07055238,-4.07597911,568155,38452,2025-03-23 08:00:00,7.2,7.2,10,66258010,0,129
East Kilbride,55.75477386,-4.171759227,115560,35804,2025-03-23 08:00:00,8,8,10,66019010,0,194
Edinburgh RBG (Royal Botanic Garden),55.96662337,-3.212310737,15201,37076,2025-03-23 08:00:00,9.8,9.8,10,66111010,0,248
Einig Wood,57.94421601,-4.764511928,492363,38138,2025-03-23 08:00:00,2.4,2.4,5,66231010,0,93
Eliock,55.34583036,-3.899113859,115562,35808,2025-03-23 08:00:00,5.6,5.6,10,66020010,0,253
Eskdalemuir Observatory,55.31151326,-3.206798775,15100,36948,2025-03-23 07:00:00,9.8,9.8,10,66094010,0,108
Esslemont House,57.36510966,-2.112363417,115221,35536,2025-03-23 07:00:00,13.4,13.4,20,65975010,0,65
Ettrick Bay,55.85650223,-5.145834193,115563,35812,2025-03-23 08:00:00,2.8,2.8,5,66021010,0,167
Fife Airport,56.1816502,-3.222449068,15151,37016,2025-03-23 08:00:00,9.4,9.4,10,66100010,0,133
Flichity,57.33128618,-4.221750189,115339,35636,2025-03-23 08:00:00,9.4,9.4,10,65994010,0,209
Forehill,57.50635026,-1.843281987,336372,37758,2025-03-23 07:00:00,18.8,18.8,20,66184010,0,22
Forsinain,58.41100711,-3.873563607,115340,35640,2025-03-23 06:00:00,5.2,5.2,10,65995010,0,255
Forter,56.76674681,-3.332205729,14948,36658,2025-03-23 08:00:00,20.4,20.4,30,66077010,0,118
Fourmerkland,55.1650788,-3.412506453,115565,35816,2025-03-23 08:00:00,8,8,10,66022010,0,83
Frenich Farm,56.22694162,-4.56047225,552790,38398,2025-03-23 05:00:00,7.8,7.8,10,66256010,0,229
Gairnshiel,57.09199509,-3.165582141,115223,35540,2025-03-23 07:00:00,7.4,7.4,10,65976010,0,155
Gargunnock,56.13266077,-4.070571402,14892,36480,2025-03-23 08:00:00,9,9,10,66058010,0,216
Garls Craig,55.36599829,-3.616030256,301168,37570,2025-03-23 07:00:00,8.8,8.8,10,66073010,0,210
Garrogie Lodge,57.17006125,-4.442843871,464495,38046,2025-03-23 08:00:00,7.2,7.2,10,66218010,0,95
Gatelawbridge,55.25076797,-3.730683565,115568,35820,2025-03-23 08:00:00,5.4,5.4,10,66023010,0,72
Gella Bridge,56.77535832,-3.027929218,14916,36550,2025-03-23 08:00:00,12.8,12.8,20,66061010,0,272
Gifford Rain Gauge,55.89043578,-2.768969478,474984,38094,2025-03-23 08:00:00,4.4,4.4,5,66224010,0,176
Gilston,55.80025456,-2.883463821,15114,36968,2025-03-23 07:00:00,4.4,4.4,5,66097010,0,74
Gladhouse Reservoir,55.7784118,-3.117398754,15204,37080,2025-03-23 07:00:00,5.6,5.6,10,66112010,0,13
Glen Ample,56.35457736,-4.269993694,335745,37710,2025-03-23 08:00:00,13.2,13.2,20,66179010,0,208
Glen Nevis,56.79923208,-5.067543348,115343,35644,2025-03-23 08:00:00,3.8,3.8,5,65996010,0,275
Glen Strae,56.42522107,-5.000795867,133088,36094,2025-03-23 08:00:00,6.2,6.2,10,66052010,0,21
Glenbreck,55.48202196,-3.477754728,368490,37940,2025-03-23 08:00:00,11.6,11.6,20,66210010,0,226
Glenmavis,55.89359141,-4.013210328,327238,37640,2025-03-23 08:00:00,5.6,5.6,10,66151010,0,14
Glenmore Lodge No 2,57.16421784,-3.677609728,115225,35544,2025-03-23 08:00:00,12.8,12.8,20,65977010,0,23
Glenmuick No2,56.95161175,-3.141253355,367371,37922,2025-03-23 08:00:00,11.8,11.8,20,66207010,0,172
Glenquey,56.20739317,-3.642080305,464636,38054,2025-03-23 08:00:00,18,18,20,66220010,0,247
Gogarbank,55.92834002,-3.342742573,15196,37064,2025-03-23 08:00:00,7,7,10,66163010,0,239
Gordon Arms,55.51137227,-3.096406906,14984,36790,2025-03-23 08:00:00,7,7,10,66085010,0,28
Haddington STW,55.96050923,-2.75022457,15226,37116,2025-03-23 08:00:00,2.8,2.8,5,66115010,0,179
Halkirk,58.5154974,-3.493004244,234231,37318,2025-03-23 08:00:00,6,6,10,66127010,0,215
Harelaw,55.91651494,-3.086776845,335614,37676,2025-03-23 08:00:00,7.2,7.2,10,66159010,0,120
Harperrig,55.83652095,-3.435270947,15200,37072,2025-03-23 08:00:00,6.6,6.6,10,66110010,0,165
Hatton (Perth),56.52513594,-2.648539891,335640,37692,2025-03-23 08:00:00,7.8,7.8,10,66176010,0,125
Hatton No 2,57.42757524,-1.909678484,115227,35552,2025-03-23 08:00:00,18,18,20,65978010,0,259
Hazelwood Cottage,56.26715284,-5.494662553,115582,35824,2025-03-23 07:00:00,5.6,5.6,10,66024010,0,205
High Corrie (Gartmore),56.1262023,-4.446294544,15166,37040,2025-03-23 08:00:00,7.2,7.2,10,66104010,0,166
Hunterston Terminal,55.74447583,-4.86116797,469625,38062,2025-03-23 08:00:00,3.8,3.8,5,66222010,0,29
Hydro Gardens Moffat,55.34214596,-3.452988353,115584,35828,2025-03-23 08:00:00,10.8,10.8,20,66025010,0,193
Inchvuilt,57.40830735,-4.957620811,115354,35660,2025-03-23 08:00:00,0.6,0.6,1,65998010,0,67
Ingleston Farm,54.81170556,-4.166358356,115585,35832,2025-03-23 07:00:00,7.4,7.4,10,66026010,0,103
Inshes,57.45203372,-4.184715941,336367,37750,2025-03-23 08:00:00,5.8,5.8,10,67292010,0,68
Inverewe Garden,57.77399694,-5.596995718,115356,35664,2025-03-23 08:00:00,8.4,8.4,10,65999010,0,5
Inverey,56.98569953,-3.500915775,115230,35560,2025-03-23 08:00:00,5.2,5.2,10,65979010,0,174
Invermark,56.91121364,-2.914811966,14926,36590,2025-03-23 08:00:00,11.4,11.4,20,66075010,0,90
Inveruglas,56.2473573,-4.71287133,115588,35836,2025-03-20 18:00:00,0,0,0,66027010,1,182
Inverurie,57.2583172,-2.362253256,367365,37918,2025-03-22 10:00:00,3.8,3.8,5,66206010,0,80
Irvine Gailes,55.58754361,-4.663320263,115589,35840,2025-03-23 08:00:00,5,5,5,66028010,0,58
Jedburgh Castle,55.47029248,-2.557045815,541725,38386,2025-03-23 08:00:00,5.8,5.8,10,66255010,0,137
Keith,57.55084994,-2.952079018,367360,37910,2025-03-23 08:00:00,5.6,5.6,10,66204010,0,202
Killermont Raingauge,55.91108458,-4.305014408,341380,37818,2025-03-23 07:00:00,8,8,10,66193010,0,105
Killilan,57.31881832,-5.424835603,234252,37368,2025-03-23 08:00:00,5,5,5,66072010,0,254
Killin,56.45816211,-4.331876561,14933,36616,2025-03-23 08:00:00,10.8,10.8,20,66076010,0,45
Kilphedir,58.14138911,-3.702814019,234253,37374,2025-03-23 08:00:00,4.2,4.2,5,66128010,0,34
Kinbuck,56.2255551,-3.949530685,14890,36470,2025-03-23 08:00:00,10.2,10.2,20,66070010,0,151
Kindrogan,56.74926972,-3.544931301,14955,36692,2025-03-23 08:00:00,13.6,13.6,20,66080010,0,11
Kinghorn Ecology Centre Rain Gauge,56.07462319,-3.193432968,473550,38082,2025-03-23 08:00:00,10,10,10,66223010,0,53
Kingledores,55.54240926,-3.413947163,14972,36756,2025-03-23 07:00:00,12,12,20,66623010,0,227
Kinkell Bridge,56.33018709,-3.726992915,14968,36738,2025-03-23 08:00:00,11.8,11.8,20,66083010,0,243
Kinmount House,55.01095443,-3.351411196,115596,35844,2025-03-23 08:00:00,5.4,5.4,10,66029010,0,32
Kirkcaldy,56.11765342,-3.147961765,335617,37680,2025-03-23 08:00:00,10.8,10.8,20,66173010,0,33
Kirkcowan,54.91691338,-4.612059475,115598,35848,2025-03-23 08:00:00,4.8,4.8,5,66030010,0,6
Kirkcudbright Raingauge,54.84543419,-4.038511682,504458,38202,2025-03-23 08:00:00,5.8,5.8,10,66239010,0,4
Kirkwall,58.98622363,-2.949352863,515885,38266,2025-03-23 08:00:00,12,12,20,66245010,0,220
Kirriemuir STW,56.65983513,-2.999773468,361048,37896,2025-03-23 08:00:00,11.8,11.8,20,66202010,0,102
Kirriereoch,55.15077902,-4.571934377,115599,35852,2025-03-23 08:00:00,7,7,10,66031010,0,238
Knockanrock,58.03118174,-5.07294078,115363,35668,2025-03-23 08:00:00,2.4,2.4,5,66000010,0,148
Ladyflat Farm,55.75636712,-2.369501202,368486,37934,2025-03-23 08:00:00,6,6,10,66209010,0,187
Lagafater Lodge,55.04328363,-4.913741812,115600,35856,2025-03-23 08:00:00,5.6,5.6,10,66032010,0,130
Lanark STW,55.67436394,-3.795938206,115603,35864,2025-03-23 08:00:00,8.2,8.2,10,66033010,0,177
Langwell Lodge,57.9748238,-5.100589967,354621,37844,2025-03-23 08:00:00,2.8,2.8,5,66197010,0,271
Lathro,56.2213192,-3.42872292,14902,36500,2025-03-23 08:00:00,20.2,20.2,30,66060010,0,121
Laxdale,57.86865846,-6.893581696,356217,37870,2025-03-07 10:00:00,16.4,16.4,20,66200010,1,46
Letham Grange,56.60403394,-2.609495534,338381,37788,2025-03-23 08:00:00,9.2,9.2,10,66188010,0,180
Lingerton,56.01244753,-5.422443562,133106,36148,2025-03-23 07:00:00,4.2,4.2,5,66053010,0,196
Little Assynt,58.17438109,-5.152302768,234264,37396,2025-03-23 08:00:00,10,10,10,66129010,0,189
Loch Ailsh Level,58.04827715,-4.855312073,354613,37838,2025-03-23 08:00:00,0.6,0.6,1,66196010,0,219
Loch Droma,57.73309629,-4.936434641,115368,35672,2025-03-23 08:00:00,7.8,7.8,10,66001010,0,207
Loch Katrine,56.22701614,-4.43624573,14910,459053,2025-03-23 07:00:00,6.4,6.4,10,66624010,0,64
Loch Restil,56.23604254,-4.853369348,485489,38102,2025-03-23 07:00:00,9.4,9.4,10,66172010,0,57
Loch Tormasad,57.56195723,-7.316740973,354622,37850,2025-03-23 08:00:00,11.2,11.2,20,66198010,0,132
Loch Venachar,56.23425763,-4.25686637,14898,477389,2025-03-23 08:00:00,9.2,9.2,10,66560010,0,170
Lochindorb North,57.41478835,-3.691385645,336847,37772,2025-03-23 08:00:00,9.8,9.8,10,66186010,0,236
Lochwinnoch,55.78853152,-4.618943233,509677,38240,2025-03-23 08:00:00,4.6,4.6,5,66242010,0,163
Lossiemouth,57.71918475,-3.323337879,473167,38078,2025-03-23 08:00:00,9.8,9.8,10,66171010,0,184
Low Creoch,54.90352684,-4.18922643,115611,35868,2025-03-23 08:00:00,7,7,10,66062010,0,221
Luffness,56.02022484,-2.821888561,14865,36390,2025-03-23 07:00:00,2.8,2.8,5,66056010,0,142
Luib,57.5445048,-5.123945869,115376,35692,2025-03-23 08:00:00,3.6,3.6,5,66002010,0,249
Lukeston,55.98447497,-4.240765022,327237,37636,2025-03-23 07:00:00,4.4,4.4,5,66150010,0,222
Luss Raingauge,56.09892116,-4.638863963,129558,36004,2025-03-23 08:00:00,7.4,7.4,10,66050010,0,175
Lyne Station,55.64733183,-3.25808918,14974,36764,2025-03-23 08:00:00,8.2,8.2,10,66084010,0,265
Meadowfoot,55.40534471,-3.799886702,115616,35876,2025-03-23 07:00:00,7,7,10,66035010,0,25
Merton Bank Lochmaben,55.13494009,-3.439865821,115617,35880,2025-03-23 08:00:00,7.4,7.4,10,66036010,0,199
Mill Croft,57.2886568,-7.368331541,354623,37856,2025-03-23 08:00:00,12.4,12.4,20,66199010,0,1
Mill Of Gavel,57.55561687,-2.009109628,205209,37120,2025-03-23 07:00:00,12.8,12.8,20,66116010,0,261
Millport,55.74955539,-4.907441406,115618,35884,2025-03-23 08:00:00,3,3,5,66037010,0,237
Milton of Evelix TBR,57.89128749,-4.084164503,494729,38162,2025-03-23 08:00:00,1.2,1.2,5,66233010,0,39
Minnigaff,54.9588823,-4.471659058,338429,37792,2025-03-23 08:00:00,5.8,5.8,10,66189010,0,47
Moar,56.57276553,-4.388958153,14949,36664,2025-03-23 08:00:00,15.6,15.6,20,66078010,0,267
Mongour,57.00199506,-2.388582046,115235,35564,2025-03-23 08:00:00,12.8,12.8,20,65980010,0,181
Montrose,56.69908575,-2.491155025,15078,36928,2025-03-23 08:00:00,8.2,8.2,10,66092010,0,63
Mouthbridge,55.77012815,-2.279193263,15022,36874,2025-03-23 08:00:00,6,6,10,66089010,0,135
Muirkirk STW,55.51335703,-4.096604222,115622,35892,2025-03-23 08:00:00,9,9,10,66038010,0,97
Muirshiel RG,55.84918458,-4.742664896,490986,38130,2025-03-23 07:00:00,6.4,6.4,10,66229010,0,82
Murray Burn,55.91287677,-3.317681386,372859,37992,2025-03-23 08:00:00,8.8,8.8,10,66214010,0,258
Murton,56.65077608,-2.823539396,335650,37700,2025-01-27 13:00:00,19,19,20,66177010,1,84
Mylnefield,56.46017678,-3.075838089,335651,37706,2025-03-23 08:00:00,8.4,8.4,10,66178010,0,73
Nairn Dunbar Golf Course,57.59406094,-3.842759406,341224,37796,2025-03-23 08:00:00,6.6,6.6,10,66190010,0,26
New Kelso,57.42953514,-5.429999168,234289,37438,2025-03-23 08:00:00,0.8,0.8,1,66130010,0,171
Newton of Falkland,56.25431474,-3.186268594,15083,36936,2025-03-23 08:00:00,12,12,20,66093010,0,233
Newtonairds,55.10134134,-3.742902191,115627,35896,2025-03-23 07:00:00,16.2,16.2,20,66039010,0,89
Nigg Headworks,57.13140193,-2.061103972,335797,37714,2025-03-23 08:00:00,21,21,30,66180010,0,188
North Berwick (Kingston),56.03149667,-2.734270572,335621,37688,2025-03-23 08:00:00,2.2,2.2,5,66175010,0,251
Nunraw Abbey,55.92185875,-2.653499917,15215,37100,2025-03-23 08:00:00,2.8,2.8,5,66113010,0,147
Old Mill of Newton,57.35801578,-2.577016947,367364,37914,2025-03-23 08:00:00,8.8,8.8,10,66205010,0,30
Ormiston Mill,55.54491924,-2.473314492,15007,36848,2025-03-23 07:00:00,3.6,3.6,5,66088010,0,128
Penwhapple Reservoir,55.23585144,-4.747897404,335375,37652,2025-03-23 08:00:00,4.6,4.6,5,66153010,0,169
Perth Norwich Union,56.38611935,-3.464092253,341345,37814,2025-03-23 08:00:00,26.6,26.6,30,66192010,0,250
Picketlaw Reservoir,55.73611493,-4.281846657,115632,35900,2025-03-23 07:00:00,6.2,6.2,10,66063010,0,59
Pluscarden Abbey,57.59946107,-3.433170424,486057,38110,2025-03-23 08:00:00,13.4,13.4,20,66226010,0,191
Polhollick,57.05514629,-3.083180673,234294,37460,2025-03-23 08:00:00,8.2,8.2,10,66131010,0,126
Polloch,56.75844885,-5.613663683,234295,37466,2025-03-23 08:00:00,6.6,6.6,10,66132010,0,71
Polmonthill STW,55.99776804,-3.680208641,15187,37056,2025-03-23 08:00:00,15,15,20,66107010,0,157
Portling,54.87093795,-3.744601282,115634,35908,2025-03-23 08:00:00,7.4,7.4,10,66040010,0,56
Prestwick,55.50523784,-4.610940702,344764,37826,2025-03-23 08:00:00,3.6,3.6,5,66194010,0,146
Quarry Head,57.63465034,-2.025944065,335575,37660,2025-03-23 08:00:00,9.8,9.8,10,66155010,0,150
Quinloch Farm,56.0079586,-4.377500029,115638,35912,2025-03-23 08:00:00,4.8,4.8,5,66041010,0,223
Rest and be Thankful,56.22216848,-4.859016846,485490,38106,2025-03-23 07:00:00,10.8,10.8,20,66225010,0,99
Rhian Bridge,58.11499626,-4.439159665,115390,35708,2025-03-23 08:00:00,1.4,1.4,5,66003010,0,269
Rhiconich,58.42139172,-4.991227379,336217,37734,2025-03-23 08:00:00,6.2,6.2,10,66181010,0,260
RhynieGS,57.3317252,-2.828953912,368013,37926,2025-03-23 07:00:00,4.8,4.8,5,66208010,0,257
Ross Priory,56.05257642,-4.55746111,133124,36206,2025-03-23 07:00:00,5.2,5.2,10,66054010,0,235
Rossie Farm,56.29912602,-3.202717904,15070,36924,2025-03-23 07:00:00,11.2,11.2,20,66091010,0,40
Rothienorman,57.40900118,-2.466784574,115239,35572,2025-03-23 07:00:00,8,8,10,65981010,0,54
Saline,56.12224003,-3.585958925,15155,37020,2025-03-23 07:00:00,18.2,18.2,20,66101010,0,225
Saughall,55.60098751,-4.226431521,115645,35916,2025-03-23 07:00:00,6,6,10,66042010,0,273
Scardroy No3,57.51892459,-4.985935657,347562,37834,2025-03-23 08:00:00,0,0,0,66195010,0,60
Sgodachail,57.89327664,-4.546976399,234305,37488,2025-03-23 07:00:00,2.2,2.2,5,66133010,0,203
Shiplaw,55.72796917,-3.207291434,14975,36770,2025-03-23 07:00:00,5.8,5.8,10,66168010,0,3
Shotts WWTW,55.81395203,-3.811987501,494255,38148,2025-03-23 08:00:00,4.2,4.2,5,66232010,0,134
Slamannan,55.94205217,-3.832217321,464630,38050,2025-03-23 08:00:00,8.8,8.8,10,66219010,0,112
Sluggan,57.27399763,-3.875997348,234314,37510,2025-03-23 08:00:00,10.2,10.2,20,66134010,0,31
Solwaybank,55.08629786,-3.086937218,115647,35920,2025-03-23 08:00:00,8.6,8.6,10,66043010,0,122
Sorbie,54.79252816,-4.42628864,115648,35924,2025-03-23 08:00:00,10.2,10.2,20,66044010,0,231
South Moorhouse,55.73251416,-4.350287842,115649,35928,2025-03-23 08:00:00,7.6,7.6,10,66045010,0,85
Spey Dam,57.01121062,-4.336367491,234315,37514,2025-03-23 08:00:00,5.4,5.4,10,66135010,0,268
St Monance,56.2047855,-2.78271364,335620,37684,2025-03-23 07:00:00,6.4,6.4,10,66174010,0,274
Stewarton,55.72543649,-4.445306033,536844,38370,2025-03-23 07:00:00,3.8,3.8,5,66252010,0,52
Stonyford,56.84214794,-2.811870347,369551,37978,2025-03-23 08:00:00,13.4,13.4,20,66212010,0,152
Strathkelvin House,55.94300475,-4.172710018,300383,37566,2025-03-23 08:00:00,5.4,5.4,10,66140010,0,244
Strathkinness,56.33136897,-2.863918962,11368,35504,2025-03-23 08:00:00,11,11,20,65971010,0,212
Strathy Bridge,58.55872143,-4.002604762,234319,37524,2025-03-23 07:00:00,5,5,5,66136010,0,183
Strathyre,56.32054504,-4.328975608,15172,37048,2025-03-23 08:00:00,7.6,7.6,10,66105010,0,256
Strowan,56.36918493,-3.92115763,361047,37892,2025-03-23 08:00:00,13.6,13.6,20,66201010,0,140
Tarland WWTP,57.12504883,-2.851450464,511327,38246,2025-03-23 07:00:00,6.8,6.8,10,66243010,0,192
Teviothead,55.34222734,-2.936481216,14999,36826,2025-03-23 07:00:00,8.4,8.4,10,66169010,0,234
The Lecht,57.20200168,-3.249607166,115244,35580,2025-03-23 08:00:00,6.4,6.4,10,65982010,0,141
Tillicoultry,56.148819,-3.7458095,15158,37024,2025-03-23 08:00:00,7.6,7.6,10,66102010,0,87
Tobermory,56.62026156,-6.080645248,115654,35936,2025-03-23 08:00:00,6,6,10,66046010,0,37
Tomatin No2,57.33816398,-4.013360208,564863,38440,2025-03-23 08:00:00,9.2,9.2,10,66257010,0,0
Torduff,55.8968016,-3.267160193,15190,37060,2025-03-23 08:00:00,10.6,10.6,20,66108010,0,66
Torwinny,57.52198313,-3.446843553,234326,37538,2025-03-23 08:00:00,7.8,7.8,10,66137010,0,61
Townfoot (Glencaple),54.99473579,-3.568993615,323188,37616,2025-03-23 08:00:00,6.8,6.8,10,66146010,0,241
Tromie Bridge,57.0717185,-3.998638147,234327,37542,2025-03-23 08:00:00,7.6,7.6,10,66138010,0,149
Tulchan,57.39918687,-3.44381882,115247,35584,2025-03-23 08:00:00,0,0,0,65983010,0,10
Unthank Raingauge,55.24281443,-2.964073002,506152,38214,2025-03-23 07:00:00,10.2,10.2,20,66240010,0,154
Upper Monachyle,56.39271229,-4.463706898,116007,35960,2025-03-23 08:00:00,8.2,8.2,10,66049010,0,110
Urquhart,57.59399199,-4.374371661,115406,35716,2025-03-23 08:00:00,1.6,1.6,5,66004010,0,123
Wardend Bridge,57.58239454,-3.608335401,234331,37552,2025-03-23 08:00:00,13.8,13.8,20,66139010,0,16
Waterside Perth,56.89929851,-2.820760629,369554,37982,2025-03-23 08:00:00,11.6,11.6,20,66213010,0,173
Waulkmill Glen,55.79484353,-4.353627607,115660,35948,2025-03-23 08:00:00,7.6,7.6,10,66961010,0,8
Weisdale Mill,60.2593269,-1.288604022,116008,35966,2025-03-23 08:00:00,12.4,12.4,20,66064010,0,145
Westhill,57.14756943,-2.291989375,115250,35588,2025-03-23 08:00:00,11.6,11.6,20,65984010,0,245
Whitburn,55.87157334,-3.682936938,14881,36432,2025-03-23 08:00:00,10.8,10.8,20,66068010,0,20
White Clauchrie,55.1412921,-4.677220867,502874,38188,2025-03-23 08:00:00,5.8,5.8,10,66238010,0,18
